,year,country_isocode,country_name,id,position,name,title,gender,birthyear,deadyear,party,party_english,party_otherlanguage,core,minister,leader,classification,portfolio_1,prestige_1,portfolio_2,prestige_2,portfolio_3,prestige_3,portfolio_4,prestige_4,m_finance,m_defense,m_agriculture,m_foreignaffairs
92908,2000,IRL,Ireland,626,President,Mary Mcaleese,NA,Female,1951,A (2020),ff,Fianna Fail – The Republican Party,Fianna Fail – The Republican Party,1,0,0,President,NA,NA,NA,NA,NA,NA,NA,NA,0,0,0,0
92909,2000,IRL,Ireland,627,Prime Minister,Bertie Ahern,NA,Male,1951,A (2020),ff,Fianna Fail – The Republican Party,Fianna Fail – The Republican Party,1,0,1,Prime Minister,NA,NA,NA,NA,NA,NA,NA,NA,0,0,0,0
92910,2000,IRL,Ireland,628,Dep. Prime Minister,Mary Harney,NA,Female,1953,A (2020),pd,Progressive Democrats,Progressive Democrats,1,0,0,Deputy Prime Minister,NA,NA,NA,NA,NA,NA,NA,NA,0,0,0,0
92911,2000,IRL,Ireland,629,"Min. For Agriculture, Food & Forestry",Joseph Walsh,NA,Male,1943,2014,ff,Fianna Fail – The Republican Party,Fianna Fail – The Republican Party,1,1,0,Minister (Full Rank),"Agriculture, Food, Fisheries & Livestock",Medium,Environment,Medium,NA,NA,NA,NA,0,0,1,0
92912,2000,IRL,Ireland,630,"Min. For Arts, Culture & The Gaeltacht",Sile De Valera,NA,Female,1954,A (2020),ff,Fianna Fail – The Republican Party,Fianna Fail – The Republican Party,1,1,0,Minister (Full Rank),Culture & Heritage,Medium,NA,NA,NA,NA,NA,NA,0,0,0,0
92913,2000,IRL,Ireland,631,Min. For Defense,Michael Smith,NA,Male,1940,A (2020),ff,Fianna Fail – The Republican Party,Fianna Fail – The Republican Party,1,1,0,Minister (Full Rank),"Defense, Military & National Security",High,NA,NA,NA,NA,NA,NA,0,1,0,0
92914,2000,IRL,Ireland,632,"Min. For Education, Science & Technology",Michael Woods,Dr.,Male,1935,A (2020),ff,Fianna Fail – The Republican Party,Fianna Fail – The Republican Party,1,1,0,Minister (Full Rank),"Education, Training & Skills",Medium,"Science, Technology & Research",Low,NA,NA,NA,NA,0,0,0,0
92915,2000,IRL,Ireland,633,Min. For Enterprise & Employment,Mary Harney,NA,Female,1953,A (2020),pd,Progressive Democrats,Progressive Democrats,1,1,0,Minister (Full Rank),"Enterprises, Companies & Business",Medium,"Labor, Employment & Social Security",Medium,NA,NA,NA,NA,0,0,0,0
92916,2000,IRL,Ireland,634,Min. For Environment & Rural Development,Noel Dempsey,NA,Male,1953,A (2020),ff,Fianna Fail – The Republican Party,Fianna Fail – The Republican Party,1,1,0,Minister (Full Rank),Environment,Medium,Planning & Development,Medium,NA,NA,NA,NA,0,0,0,0
92917,2000,IRL,Ireland,635,Min. For Finance,Charles Mccreevy,NA,Male,1949,A (2020),ff,Fianna Fail – The Republican Party,Fianna Fail – The Republican Party,1,1,0,Minister (Full Rank),"Finance, Budget & Treasury",High,NA,NA,NA,NA,NA,NA,1,0,0,0
92918,2000,IRL,Ireland,636,Min. For Foreign Affairs,Brian Cowen,NA,Male,1960,A (2020),ff,Fianna Fail – The Republican Party,Fianna Fail – The Republican Party,1,1,0,Minister (Full Rank),Foreign Relations,High,NA,NA,NA,NA,NA,NA,0,0,0,1
92919,2000,IRL,Ireland,637,Min. For Health & Children,Micheal Martin,NA,Male,1960,A (2020),ff,Fianna Fail – The Republican Party,Fianna Fail – The Republican Party,1,1,0,Minister (Full Rank),Health & Social Welfare,Medium,Children & Family,Low,NA,NA,NA,NA,0,0,0,0
92920,2000,IRL,Ireland,638,"Min. For Justice, Equality & Law Reform",John O'Donoghue,NA,Male,1956,A (2020),ff,Fianna Fail – The Republican Party,Fianna Fail – The Republican Party,1,1,0,Minister (Full Rank),Justice & Legal Affairs,Medium,Political Reform,Medium,NA,NA,NA,NA,0,0,0,0
92921,2000,IRL,Ireland,639,Min. For Marine & Natural Resources,Frank Fahey,NA,Male,1951,A (2020),ff,Fianna Fail – The Republican Party,Fianna Fail – The Republican Party,1,1,0,Minister (Full Rank),Natural Resources,Medium,NA,NA,NA,NA,NA,NA,0,0,0,0
92922,2000,IRL,Ireland,640,"Min. For Social, Community & Family Affairs",Dermot Ahern,NA,Male,1955,A (2020),ff,Fianna Fail – The Republican Party,Fianna Fail – The Republican Party,1,1,0,Minister (Full Rank),Children & Family,Low,NA,NA,NA,NA,NA,NA,0,0,0,0
92923,2000,IRL,Ireland,641,Min. For Tourism & Trade,Jim Mcdaid,Dr.,Male,1949,A (2020),ff,Fianna Fail – The Republican Party,Fianna Fail – The Republican Party,1,1,0,Minister (Full Rank),Foreign Economic Relations,Medium,Tourism,Low,NA,NA,NA,NA,0,0,0,0
92924,2000,IRL,Ireland,642,"Min. For Transport, Energy & Communications",Mary O'Rourke,NA,Female,1937,A (2020),ff,Fianna Fail – The Republican Party,Fianna Fail – The Republican Party,1,1,0,Minister (Full Rank),Communications & Information,Medium,Energy,Medium,Transport,Medium,NA,NA,0,0,0,0
92925,2000,IRL,Ireland,643,Attorney General,Michael Mcdowell,NA,Male,1951,A (2020),independent,independent,independent,1,0,0,"Attorney General, Chief Justice or Legal Official",NA,NA,NA,NA,NA,NA,NA,NA,0,0,0,0
92926,2000,IRL,Ireland,644,"Governor, Central Bank Of Ireland",Maurice O'Connell,NA,Male,1936,A (2020),NA,NA,NA,0,0,0,Governor (Central Bank),NA,NA,NA,NA,NA,NA,NA,NA,0,0,0,0
92927,2000,IRL,Ireland,645,Ambassador To The Us,Sean O'Huiginn,NA,Male,1944,A (2020),NA,NA,NA,0,0,0,Ambassador to the United States,NA,NA,NA,NA,NA,NA,NA,NA,0,0,0,0
92928,2000,IRL,Ireland,646,"Permanent Representative To The Un, New York",Richard Ryan,NA,Male,1946,A (2020),NA,NA,NA,0,0,0,Representative to the United Nations,NA,NA,NA,NA,NA,NA,NA,NA,0,0,0,0
92929,2001,IRL,Ireland,647,President,Mary Mcaleese,NA,Female,1951,A (2020),ff,Fianna Fail – The Republican Party,Fianna Fail – The Republican Party,1,0,0,President,NA,NA,NA,NA,NA,NA,NA,NA,0,0,0,0
92930,2001,IRL,Ireland,648,Prime Minister,Bertie Ahern,NA,Male,1951,A (2020),ff,Fianna Fail – The Republican Party,Fianna Fail – The Republican Party,1,0,1,Prime Minister,NA,NA,NA,NA,NA,NA,NA,NA,0,0,0,0
92931,2001,IRL,Ireland,649,Dep. Prime Minister,Mary Harney,NA,Female,1953,A (2020),pd,Progressive Democrats,Progressive Democrats,1,0,0,Deputy Prime Minister,NA,NA,NA,NA,NA,NA,NA,NA,0,0,0,0
92932,2001,IRL,Ireland,650,"Min. For Agriculture, Food & Forestry",Joseph Walsh,NA,Male,1943,2014,ff,Fianna Fail – The Republican Party,Fianna Fail – The Republican Party,1,1,0,Minister (Full Rank),"Agriculture, Food, Fisheries & Livestock",Medium,Environment,Medium,NA,NA,NA,NA,0,0,1,0
92933,2001,IRL,Ireland,651,"Min. For Arts, Culture & The Gaeltacht",Sile De Valera,NA,Female,1954,A (2020),ff,Fianna Fail – The Republican Party,Fianna Fail – The Republican Party,1,1,0,Minister (Full Rank),Culture & Heritage,Medium,NA,NA,NA,NA,NA,NA,0,0,0,0
92934,2001,IRL,Ireland,652,Min. For Defense,Michael Smith,NA,Male,1940,A (2020),ff,Fianna Fail – The Republican Party,Fianna Fail – The Republican Party,1,1,0,Minister (Full Rank),"Defense, Military & National Security",High,NA,NA,NA,NA,NA,NA,0,1,0,0
92935,2001,IRL,Ireland,653,"Min. For Education, Science & Technology",Michael Woods,Dr.,Male,1935,A (2020),ff,Fianna Fail – The Republican Party,Fianna Fail – The Republican Party,1,1,0,Minister (Full Rank),"Education, Training & Skills",Medium,"Science, Technology & Research",Low,NA,NA,NA,NA,0,0,0,0
92936,2001,IRL,Ireland,654,Min. For Enterprise & Employment,Mary Harney,NA,Female,1953,A (2020),pd,Progressive Democrats,Progressive Democrats,1,1,0,Minister (Full Rank),"Enterprises, Companies & Business",Medium,"Labor, Employment & Social Security",Medium,NA,NA,NA,NA,0,0,0,0
92937,2001,IRL,Ireland,655,Min. For Environment & Rural Development,Noel Dempsey,NA,Male,1953,A (2020),ff,Fianna Fail – The Republican Party,Fianna Fail – The Republican Party,1,1,0,Minister (Full Rank),Environment,Medium,Planning & Development,Medium,NA,NA,NA,NA,0,0,0,0
92938,2001,IRL,Ireland,656,Min. For Finance,Charles Mccreevy,NA,Male,1949,A (2020),ff,Fianna Fail – The Republican Party,Fianna Fail – The Republican Party,1,1,0,Minister (Full Rank),"Finance, Budget & Treasury",High,NA,NA,NA,NA,NA,NA,1,0,0,0
92939,2001,IRL,Ireland,657,Min. For Foreign Affairs,Brian Cowen,NA,Male,1960,A (2020),ff,Fianna Fail – The Republican Party,Fianna Fail – The Republican Party,1,1,0,Minister (Full Rank),Foreign Relations,High,NA,NA,NA,NA,NA,NA,0,0,0,1
92940,2001,IRL,Ireland,658,Min. For Health & Children,Micheal Martin,NA,Male,1960,A (2020),ff,Fianna Fail – The Republican Party,Fianna Fail – The Republican Party,1,1,0,Minister (Full Rank),Health & Social Welfare,Medium,Children & Family,Low,NA,NA,NA,NA,0,0,0,0
92941,2001,IRL,Ireland,659,"Min. For Justice, Equality & Law Reform",John O'Donoghue,NA,Male,1956,A (2020),ff,Fianna Fail – The Republican Party,Fianna Fail – The Republican Party,1,1,0,Minister (Full Rank),Justice & Legal Affairs,Medium,Political Reform,Medium,NA,NA,NA,NA,0,0,0,0
92942,2001,IRL,Ireland,660,Min. For Marine & Natural Resources,Frank Fahey,NA,Male,1951,A (2020),ff,Fianna Fail – The Republican Party,Fianna Fail – The Republican Party,1,1,0,Minister (Full Rank),Natural Resources,Medium,NA,NA,NA,NA,NA,NA,0,0,0,0
92943,2001,IRL,Ireland,661,"Min. For Social, Community & Family Affairs",Dermot Ahern,NA,Male,1955,A (2020),ff,Fianna Fail – The Republican Party,Fianna Fail – The Republican Party,1,1,0,Minister (Full Rank),Children & Family,Low,NA,NA,NA,NA,NA,NA,0,0,0,0
92944,2001,IRL,Ireland,662,Min. For Tourism & Trade,Jim Mcdaid,Dr.,Male,1949,A (2020),ff,Fianna Fail – The Republican Party,Fianna Fail – The Republican Party,1,1,0,Minister (Full Rank),Foreign Economic Relations,Medium,Tourism,Low,NA,NA,NA,NA,0,0,0,0
92945,2001,IRL,Ireland,663,"Min. For Transport, Energy & Communications",Mary O'Rourke,NA,Female,1937,A (2020),ff,Fianna Fail – The Republican Party,Fianna Fail – The Republican Party,1,1,0,Minister (Full Rank),Communications & Information,Medium,Energy,Medium,Transport,Medium,NA,NA,0,0,0,0
92946,2001,IRL,Ireland,664,Attorney General,Michael Mcdowell,NA,Male,1951,A (2020),independent,independent,independent,1,0,0,"Attorney General, Chief Justice or Legal Official",NA,NA,NA,NA,NA,NA,NA,NA,0,0,0,0
92947,2001,IRL,Ireland,665,"Governor, Central Bank Of Ireland",Maurice O'Connell,NA,Male,1936,A (2020),NA,NA,NA,0,0,0,Governor (Central Bank),NA,NA,NA,NA,NA,NA,NA,NA,0,0,0,0
92948,2001,IRL,Ireland,666,Ambassador To The Us,Sean O'Huiginn,NA,Male,1944,A (2020),NA,NA,NA,0,0,0,Ambassador to the United States,NA,NA,NA,NA,NA,NA,NA,NA,0,0,0,0
92949,2001,IRL,Ireland,667,"Permanent Representative To The Un, New York",Richard Ryan,NA,Male,1946,A (2020),NA,NA,NA,0,0,0,Representative to the United Nations,NA,NA,NA,NA,NA,NA,NA,NA,0,0,0,0
92950,2002,IRL,Ireland,668,President,Mary Mcaleese,NA,Female,1951,A (2020),ff,Fianna Fail – The Republican Party,Fianna Fail – The Republican Party,1,0,0,President,NA,NA,NA,NA,NA,NA,NA,NA,0,0,0,0
92951,2002,IRL,Ireland,669,Prime Minister,Bertie Ahern,NA,Male,1951,A (2020),ff,Fianna Fail – The Republican Party,Fianna Fail – The Republican Party,1,0,1,Prime Minister,NA,NA,NA,NA,NA,NA,NA,NA,0,0,0,0
92952,2002,IRL,Ireland,670,Dep. Prime Minister,Mary Harney,NA,Female,1953,A (2020),pd,Progressive Democrats,Progressive Democrats,1,0,0,Deputy Prime Minister,NA,NA,NA,NA,NA,NA,NA,NA,0,0,0,0
92953,2002,IRL,Ireland,671,Min. For Agriculture & Food,Joseph Walsh,NA,Male,1943,2014,ff,Fianna Fail – The Republican Party,Fianna Fail – The Republican Party,1,1,0,Minister (Full Rank),"Agriculture, Food, Fisheries & Livestock",Medium,NA,NA,NA,NA,NA,NA,0,0,1,0
92954,2002,IRL,Ireland,672,"Min. For Arts, Sport & Tourism",John O'Donoghue,NA,Male,1956,A (2020),ff,Fianna Fail – The Republican Party,Fianna Fail – The Republican Party,1,1,0,Minister (Full Rank),Culture & Heritage,Medium,Sports,Low,Tourism,Low,NA,NA,0,0,0,0
92955,2002,IRL,Ireland,673,"Min. For Communications, Marine & Natural Resources",Dermot Ahern,NA,Male,1955,A (2020),ff,Fianna Fail – The Republican Party,Fianna Fail – The Republican Party,1,1,0,Minister (Full Rank),Communications & Information,Medium,Natural Resources,Medium,NA,NA,NA,NA,0,0,0,0
92956,2002,IRL,Ireland,674,"Min. For Community, Rural & Gaeltacht Affairs",Eamon O'Cuiv,NA,Male,1950,A (2020),ff,Fianna Fail – The Republican Party,Fianna Fail – The Republican Party,1,1,0,Minister (Full Rank),Culture & Heritage,Medium,NA,NA,NA,NA,NA,NA,0,0,0,0
92957,2002,IRL,Ireland,675,Min. For Defense,Michael Smith,NA,Male,1940,A (2020),ff,Fianna Fail – The Republican Party,Fianna Fail – The Republican Party,1,1,0,Minister (Full Rank),"Defense, Military & National Security",High,NA,NA,NA,NA,NA,NA,0,1,0,0
92958,2002,IRL,Ireland,676,Min. For Education & Science,Noel Dempsey,NA,Male,1953,A (2020),ff,Fianna Fail – The Republican Party,Fianna Fail – The Republican Party,1,1,0,Minister (Full Rank),"Education, Training & Skills",Medium,"Science, Technology & Research",Low,NA,NA,NA,NA,0,0,0,0
92959,2002,IRL,Ireland,677,"Min. For Enterprise, Trade & Employment",Mary Harney,NA,Female,1953,A (2020),pd,Progressive Democrats,Progressive Democrats,1,1,0,Minister (Full Rank),Foreign Economic Relations,Medium,"Enterprises, Companies & Business",Medium,"Labor, Employment & Social Security",Medium,NA,NA,0,0,0,0
92960,2002,IRL,Ireland,678,Min. For Environment & Local Government,Martin Cullen,NA,Male,1954,A (2020),ff,Fianna Fail – The Republican Party,Fianna Fail – The Republican Party,1,1,0,Minister (Full Rank),Environment,Medium,Local Government,Medium,NA,NA,NA,NA,0,0,0,0
92961,2002,IRL,Ireland,679,Min. For Finance,Charles Mccreevy,NA,Male,1949,A (2020),ff,Fianna Fail – The Republican Party,Fianna Fail – The Republican Party,1,1,0,Minister (Full Rank),"Finance, Budget & Treasury",High,NA,NA,NA,NA,NA,NA,1,0,0,0
92962,2002,IRL,Ireland,680,Min. For Foreign Affairs,Brian Cowen,NA,Male,1960,A (2020),ff,Fianna Fail – The Republican Party,Fianna Fail – The Republican Party,1,1,0,Minister (Full Rank),Foreign Relations,High,NA,NA,NA,NA,NA,NA,0,0,0,1
92963,2002,IRL,Ireland,681,Min. For Health & Children,Micheal Martin,NA,Male,1960,A (2020),ff,Fianna Fail – The Republican Party,Fianna Fail – The Republican Party,1,1,0,Minister (Full Rank),Health & Social Welfare,Medium,Children & Family,Low,NA,NA,NA,NA,0,0,0,0
92964,2002,IRL,Ireland,682,"Min. For Justice, Equality & Law Reform",Michael Mcdowell,NA,Male,1951,A (2020),independent,independent,independent,1,1,0,Minister (Full Rank),Justice & Legal Affairs,Medium,Political Reform,Medium,NA,NA,NA,NA,0,0,0,0
92965,2002,IRL,Ireland,683,Min. For Social & Family Affairs,Mary Coughlan,NA,Female,1965,A (2020),ff,Fianna Fail – The Republican Party,Fianna Fail – The Republican Party,1,1,0,Minister (Full Rank),Children & Family,Low,NA,NA,NA,NA,NA,NA,0,0,0,0
92966,2002,IRL,Ireland,684,Min. For Transport,Seamus Brennan,NA,Male,1948,2008,ff,Fianna Fail – The Republican Party,Fianna Fail – The Republican Party,1,1,0,Minister (Full Rank),Transport,Medium,NA,NA,NA,NA,NA,NA,0,0,0,0
92967,2002,IRL,Ireland,685,Attorney General,Rory Brady,NA,Male,1957,2010,ff,Fianna Fail – The Republican Party,Fianna Fail – The Republican Party,1,0,0,"Attorney General, Chief Justice or Legal Official",NA,NA,NA,NA,NA,NA,NA,NA,0,0,0,0
92968,2002,IRL,Ireland,686,"Governor, Central Bank Of Ireland",Maurice O'Connell,NA,Male,1936,A (2020),NA,NA,NA,0,0,0,Governor (Central Bank),NA,NA,NA,NA,NA,NA,NA,NA,0,0,0,0
92969,2002,IRL,Ireland,687,Ambassador To The Us,Sean O'Huiginn,NA,Male,1944,A (2020),NA,NA,NA,0,0,0,Ambassador to the United States,NA,NA,NA,NA,NA,NA,NA,NA,0,0,0,0
92970,2002,IRL,Ireland,688,"Permanent Representative To The Un, New York",Richard Ryan,NA,Male,1946,A (2020),NA,NA,NA,0,0,0,Representative to the United Nations,NA,NA,NA,NA,NA,NA,NA,NA,0,0,0,0
92971,2003,IRL,Ireland,689,President,Mary Mcaleese,NA,Female,1951,A (2020),ff,Fianna Fail – The Republican Party,Fianna Fail – The Republican Party,1,0,0,President,NA,NA,NA,NA,NA,NA,NA,NA,0,0,0,0
92972,2003,IRL,Ireland,690,Prime Minister,Bertie Ahern,NA,Male,1951,A (2020),ff,Fianna Fail – The Republican Party,Fianna Fail – The Republican Party,1,0,1,Prime Minister,NA,NA,NA,NA,NA,NA,NA,NA,0,0,0,0
92973,2003,IRL,Ireland,691,Dep. Prime Minister,Mary Harney,NA,Female,1953,A (2020),pd,Progressive Democrats,Progressive Democrats,1,0,0,Deputy Prime Minister,NA,NA,NA,NA,NA,NA,NA,NA,0,0,0,0
92974,2003,IRL,Ireland,692,Min. For Agriculture & Food,Joseph Walsh,NA,Male,1943,2014,ff,Fianna Fail – The Republican Party,Fianna Fail – The Republican Party,1,1,0,Minister (Full Rank),"Agriculture, Food, Fisheries & Livestock",Medium,NA,NA,NA,NA,NA,NA,0,0,1,0
92975,2003,IRL,Ireland,693,"Min. For Arts, Sport & Tourism",John O'Donoghue,NA,Male,1956,A (2020),ff,Fianna Fail – The Republican Party,Fianna Fail – The Republican Party,1,1,0,Minister (Full Rank),Culture & Heritage,Medium,Sports,Low,Tourism,Low,NA,NA,0,0,0,0
92976,2003,IRL,Ireland,694,"Min. For Communications, Marine & Natural Resources",Dermot Ahern,NA,Male,1955,A (2020),ff,Fianna Fail – The Republican Party,Fianna Fail – The Republican Party,1,1,0,Minister (Full Rank),Communications & Information,Medium,Natural Resources,Medium,NA,NA,NA,NA,0,0,0,0
92977,2003,IRL,Ireland,695,"Min. For Community, Rural & Gaeltacht Affairs",Eamon O'Cuiv,NA,Male,1950,A (2020),ff,Fianna Fail – The Republican Party,Fianna Fail – The Republican Party,1,1,0,Minister (Full Rank),Culture & Heritage,Medium,NA,NA,NA,NA,NA,NA,0,0,0,0
92978,2003,IRL,Ireland,696,Min. For Defense,Michael Smith,NA,Male,1940,A (2020),ff,Fianna Fail – The Republican Party,Fianna Fail – The Republican Party,1,1,0,Minister (Full Rank),"Defense, Military & National Security",High,NA,NA,NA,NA,NA,NA,0,1,0,0
92979,2003,IRL,Ireland,697,Min. For Education & Science,Noel Dempsey,NA,Male,1953,A (2020),ff,Fianna Fail – The Republican Party,Fianna Fail – The Republican Party,1,1,0,Minister (Full Rank),"Education, Training & Skills",Medium,"Science, Technology & Research",Low,NA,NA,NA,NA,0,0,0,0
92980,2003,IRL,Ireland,698,"Min. For Enterprise, Trade & Employment",Mary Harney,NA,Female,1953,A (2020),pd,Progressive Democrats,Progressive Democrats,1,1,0,Minister (Full Rank),Foreign Economic Relations,Medium,"Enterprises, Companies & Business",Medium,"Labor, Employment & Social Security",Medium,NA,NA,0,0,0,0
92981,2003,IRL,Ireland,699,Min. For Environment & Local Government,Martin Cullen,NA,Male,1954,A (2020),ff,Fianna Fail – The Republican Party,Fianna Fail – The Republican Party,1,1,0,Minister (Full Rank),Environment,Medium,Local Government,Medium,NA,NA,NA,NA,0,0,0,0
92982,2003,IRL,Ireland,700,Min. For Finance,Charles Mccreevy,NA,Male,1949,A (2020),ff,Fianna Fail – The Republican Party,Fianna Fail – The Republican Party,1,1,0,Minister (Full Rank),"Finance, Budget & Treasury",High,NA,NA,NA,NA,NA,NA,1,0,0,0
92983,2003,IRL,Ireland,701,Min. For Foreign Affairs,Brian Cowen,NA,Male,1960,A (2020),ff,Fianna Fail – The Republican Party,Fianna Fail – The Republican Party,1,1,0,Minister (Full Rank),Foreign Relations,High,NA,NA,NA,NA,NA,NA,0,0,0,1
92984,2003,IRL,Ireland,702,Min. For Health & Children,Micheal Martin,NA,Male,1960,A (2020),ff,Fianna Fail – The Republican Party,Fianna Fail – The Republican Party,1,1,0,Minister (Full Rank),Health & Social Welfare,Medium,Children & Family,Low,NA,NA,NA,NA,0,0,0,0
92985,2003,IRL,Ireland,703,"Min. For Justice, Equality & Law Reform",Michael Mcdowell,NA,Male,1951,A (2020),independent,independent,independent,1,1,0,Minister (Full Rank),Justice & Legal Affairs,Medium,Political Reform,Medium,NA,NA,NA,NA,0,0,0,0
92986,2003,IRL,Ireland,704,Min. For Social & Family Affairs,Mary Coughlan,NA,Female,1965,A (2020),ff,Fianna Fail – The Republican Party,Fianna Fail – The Republican Party,1,1,0,Minister (Full Rank),Children & Family,Low,NA,NA,NA,NA,NA,NA,0,0,0,0
92987,2003,IRL,Ireland,705,Min. For Transport,Seamus Brennan,NA,Male,1948,2008,ff,Fianna Fail – The Republican Party,Fianna Fail – The Republican Party,1,1,0,Minister (Full Rank),Transport,Medium,NA,NA,NA,NA,NA,NA,0,0,0,0
92988,2003,IRL,Ireland,706,Attorney General,Rory Brady,NA,Male,1957,2010,ff,Fianna Fail – The Republican Party,Fianna Fail – The Republican Party,1,0,0,"Attorney General, Chief Justice or Legal Official",NA,NA,NA,NA,NA,NA,NA,NA,0,0,0,0
92989,2003,IRL,Ireland,707,"Governor, Central Bank Of Ireland",Maurice O'Connell,NA,Male,1936,A (2020),NA,NA,NA,0,0,0,Governor (Central Bank),NA,NA,NA,NA,NA,NA,NA,NA,0,0,0,0
92990,2003,IRL,Ireland,708,Ambassador To The Us,Noel Fahey,NA,Male,NA,NA,NA,NA,NA,0,0,0,Ambassador to the United States,NA,NA,NA,NA,NA,NA,NA,NA,0,0,0,0
92991,2003,IRL,Ireland,709,"Permanent Representative To The Un, New York",Richard Ryan,NA,Male,1946,A (2020),NA,NA,NA,0,0,0,Representative to the United Nations,NA,NA,NA,NA,NA,NA,NA,NA,0,0,0,0
92992,2004,IRL,Ireland,710,President,Mary Mcaleese,NA,Female,1951,A (2020),ff,Fianna Fail – The Republican Party,Fianna Fail – The Republican Party,1,0,0,President,NA,NA,NA,NA,NA,NA,NA,NA,0,0,0,0
92993,2004,IRL,Ireland,711,Prime Minister,Bertie Ahern,NA,Male,1951,A (2020),ff,Fianna Fail – The Republican Party,Fianna Fail – The Republican Party,1,0,1,Prime Minister,NA,NA,NA,NA,NA,NA,NA,NA,0,0,0,0
92994,2004,IRL,Ireland,712,Dep. Prime Minister,Mary Harney,NA,Female,1953,A (2020),pd,Progressive Democrats,Progressive Democrats,1,0,0,Deputy Prime Minister,NA,NA,NA,NA,NA,NA,NA,NA,0,0,0,0
92995,2004,IRL,Ireland,713,Min. For Agriculture & Food,Joseph Walsh,NA,Male,1943,2014,ff,Fianna Fail – The Republican Party,Fianna Fail – The Republican Party,1,1,0,Minister (Full Rank),"Agriculture, Food, Fisheries & Livestock",Medium,NA,NA,NA,NA,NA,NA,0,0,1,0
92996,2004,IRL,Ireland,714,"Min. For Arts, Sport & Tourism",John O'Donoghue,NA,Male,1956,A (2020),ff,Fianna Fail – The Republican Party,Fianna Fail – The Republican Party,1,1,0,Minister (Full Rank),Culture & Heritage,Medium,Sports,Low,Tourism,Low,NA,NA,0,0,0,0
92997,2004,IRL,Ireland,715,"Min. For Communications, Marine & Natural Resources",Dermot Ahern,NA,Male,1955,A (2020),ff,Fianna Fail – The Republican Party,Fianna Fail – The Republican Party,1,1,0,Minister (Full Rank),Communications & Information,Medium,Natural Resources,Medium,NA,NA,NA,NA,0,0,0,0
92998,2004,IRL,Ireland,716,"Min. For Community, Rural & Gaeltacht Affairs",Eamon O'Cuiv,NA,Male,1950,A (2020),ff,Fianna Fail – The Republican Party,Fianna Fail – The Republican Party,1,1,0,Minister (Full Rank),Culture & Heritage,Medium,NA,NA,NA,NA,NA,NA,0,0,0,0
92999,2004,IRL,Ireland,717,Min. For Defense,Michael Smith,NA,Male,1940,A (2020),ff,Fianna Fail – The Republican Party,Fianna Fail – The Republican Party,1,1,0,Minister (Full Rank),"Defense, Military & National Security",High,NA,NA,NA,NA,NA,NA,0,1,0,0
93000,2004,IRL,Ireland,718,Min. For Education & Science,Noel Dempsey,NA,Male,1953,A (2020),ff,Fianna Fail – The Republican Party,Fianna Fail – The Republican Party,1,1,0,Minister (Full Rank),"Education, Training & Skills",Medium,"Science, Technology & Research",Low,NA,NA,NA,NA,0,0,0,0
93001,2004,IRL,Ireland,719,"Min. For Enterprise, Trade & Employment",Mary Harney,NA,Female,1953,A (2020),pd,Progressive Democrats,Progressive Democrats,1,1,0,Minister (Full Rank),Foreign Economic Relations,Medium,"Enterprises, Companies & Business",Medium,"Labor, Employment & Social Security",Medium,NA,NA,0,0,0,0
93002,2004,IRL,Ireland,720,Min. For Environment & Local Government,Martin Cullen,NA,Male,1954,A (2020),ff,Fianna Fail – The Republican Party,Fianna Fail – The Republican Party,1,1,0,Minister (Full Rank),Environment,Medium,Local Government,Medium,NA,NA,NA,NA,0,0,0,0
93003,2004,IRL,Ireland,721,Min. For Finance,Charles Mccreevy,NA,Male,1949,A (2020),ff,Fianna Fail – The Republican Party,Fianna Fail – The Republican Party,1,1,0,Minister (Full Rank),"Finance, Budget & Treasury",High,NA,NA,NA,NA,NA,NA,1,0,0,0
93004,2004,IRL,Ireland,722,Min. For Foreign Affairs,Brian Cowen,NA,Male,1960,A (2020),ff,Fianna Fail – The Republican Party,Fianna Fail – The Republican Party,1,1,0,Minister (Full Rank),Foreign Relations,High,NA,NA,NA,NA,NA,NA,0,0,0,1
93005,2004,IRL,Ireland,723,Min. For Health & Children,Micheal Martin,NA,Male,1960,A (2020),ff,Fianna Fail – The Republican Party,Fianna Fail – The Republican Party,1,1,0,Minister (Full Rank),Health & Social Welfare,Medium,Children & Family,Low,NA,NA,NA,NA,0,0,0,0
93006,2004,IRL,Ireland,724,"Min. For Justice, Equality & Law Reform",Michael Mcdowell,NA,Male,1951,A (2020),independent,independent,independent,1,1,0,Minister (Full Rank),Justice & Legal Affairs,Medium,Political Reform,Medium,NA,NA,NA,NA,0,0,0,0
93007,2004,IRL,Ireland,725,Min. For Social & Family Affairs,Mary Coughlan,NA,Female,1965,A (2020),ff,Fianna Fail – The Republican Party,Fianna Fail – The Republican Party,1,1,0,Minister (Full Rank),Children & Family,Low,NA,NA,NA,NA,NA,NA,0,0,0,0
93008,2004,IRL,Ireland,726,Min. For Transport,Seamus Brennan,NA,Male,1948,2008,ff,Fianna Fail – The Republican Party,Fianna Fail – The Republican Party,1,1,0,Minister (Full Rank),Transport,Medium,NA,NA,NA,NA,NA,NA,0,0,0,0
93009,2004,IRL,Ireland,727,Attorney General,Rory Brady,NA,Male,1957,2010,ff,Fianna Fail – The Republican Party,Fianna Fail – The Republican Party,1,0,0,"Attorney General, Chief Justice or Legal Official",NA,NA,NA,NA,NA,NA,NA,NA,0,0,0,0
93010,2004,IRL,Ireland,728,"Governor, Central Bank Of Ireland",Maurice O'Connell,NA,Male,1936,A (2020),NA,NA,NA,0,0,0,Governor (Central Bank),NA,NA,NA,NA,NA,NA,NA,NA,0,0,0,0
93011,2004,IRL,Ireland,729,Ambassador To The Us,Noel Fahey,NA,Male,NA,NA,NA,NA,NA,0,0,0,Ambassador to the United States,NA,NA,NA,NA,NA,NA,NA,NA,0,0,0,0
93012,2004,IRL,Ireland,730,"Permanent Representative To The Un, New York",Richard Ryan,NA,Male,1946,A (2020),NA,NA,NA,0,0,0,Representative to the United Nations,NA,NA,NA,NA,NA,NA,NA,NA,0,0,0,0
93013,2005,IRL,Ireland,731,President,Mary Mcaleese,NA,Female,1951,A (2020),ff,Fianna Fail – The Republican Party,Fianna Fail – The Republican Party,1,0,0,President,NA,NA,NA,NA,NA,NA,NA,NA,0,0,0,0
93014,2005,IRL,Ireland,732,Prime Minister,Bertie Ahern,NA,Male,1951,A (2020),ff,Fianna Fail – The Republican Party,Fianna Fail – The Republican Party,1,0,1,Prime Minister,NA,NA,NA,NA,NA,NA,NA,NA,0,0,0,0
93015,2005,IRL,Ireland,733,Dep. Prime Minister,Mary Harney,NA,Female,1953,A (2020),pd,Progressive Democrats,Progressive Democrats,1,0,0,Deputy Prime Minister,NA,NA,NA,NA,NA,NA,NA,NA,0,0,0,0
93016,2005,IRL,Ireland,734,Min. For Agriculture & Food,Mary Coughlan,NA,Female,1965,A (2020),ff,Fianna Fail – The Republican Party,Fianna Fail – The Republican Party,1,1,0,Minister (Full Rank),"Agriculture, Food, Fisheries & Livestock",Medium,NA,NA,NA,NA,NA,NA,0,0,1,0
93017,2005,IRL,Ireland,735,"Min. For Arts, Sport & Tourism",John O'Donoghue,NA,Male,1956,A (2020),ff,Fianna Fail – The Republican Party,Fianna Fail – The Republican Party,1,1,0,Minister (Full Rank),Culture & Heritage,Medium,Sports,Low,Tourism,Low,NA,NA,0,0,0,0
93018,2005,IRL,Ireland,736,"Min. For Communications, Marine & Natural Resources",Noel Dempsey,NA,Male,1953,A (2020),ff,Fianna Fail – The Republican Party,Fianna Fail – The Republican Party,1,1,0,Minister (Full Rank),Communications & Information,Medium,Natural Resources,Medium,NA,NA,NA,NA,0,0,0,0
93019,2005,IRL,Ireland,737,"Min. For Community, Rural & Gaeltacht Affairs",Eamon O'Cuiv,NA,Male,1950,A (2020),ff,Fianna Fail – The Republican Party,Fianna Fail – The Republican Party,1,1,0,Minister (Full Rank),Culture & Heritage,Medium,NA,NA,NA,NA,NA,NA,0,0,0,0
93020,2005,IRL,Ireland,738,Min. For Defense,Willie O'Dea,NA,Male,1952,A (2020),ff,Fianna Fail – The Republican Party,Fianna Fail – The Republican Party,1,1,0,Minister (Full Rank),"Defense, Military & National Security",High,NA,NA,NA,NA,NA,NA,0,1,0,0
93021,2005,IRL,Ireland,739,Min. For Education & Science,Mary Hanafin,NA,Female,1959,A (2020),ff,Fianna Fail – The Republican Party,Fianna Fail – The Republican Party,1,1,0,Minister (Full Rank),"Education, Training & Skills",Medium,"Science, Technology & Research",Low,NA,NA,NA,NA,0,0,0,0
93022,2005,IRL,Ireland,740,"Min. For Enterprise, Trade & Employment",Micheal Martin,NA,Male,1960,A (2020),ff,Fianna Fail – The Republican Party,Fianna Fail – The Republican Party,1,1,0,Minister (Full Rank),Foreign Economic Relations,Medium,"Enterprises, Companies & Business",Medium,"Labor, Employment & Social Security",Medium,NA,NA,0,0,0,0
93023,2005,IRL,Ireland,741,"Min. For Environment, Heritage & Local Government",Dick Roche,NA,Male,1947,A (2020),ff,Fianna Fail – The Republican Party,Fianna Fail – The Republican Party,1,1,0,Minister (Full Rank),Environment,Medium,Local Government,Medium,Culture & Heritage,Medium,NA,NA,0,0,0,0
93024,2005,IRL,Ireland,742,Min. For Finance,Brian Cowen,NA,Male,1960,A (2020),ff,Fianna Fail – The Republican Party,Fianna Fail – The Republican Party,1,1,0,Minister (Full Rank),"Finance, Budget & Treasury",High,NA,NA,NA,NA,NA,NA,1,0,0,0
93025,2005,IRL,Ireland,743,Min. For Foreign Affairs,Dermot Ahern,NA,Male,1955,A (2020),ff,Fianna Fail – The Republican Party,Fianna Fail – The Republican Party,1,1,0,Minister (Full Rank),Foreign Relations,High,NA,NA,NA,NA,NA,NA,0,0,0,1
93026,2005,IRL,Ireland,744,Min. For Health & Children,Mary Harney,NA,Female,1953,A (2020),pd,Progressive Democrats,Progressive Democrats,1,1,0,Minister (Full Rank),Health & Social Welfare,Medium,Children & Family,Low,NA,NA,NA,NA,0,0,0,0
93027,2005,IRL,Ireland,745,"Min. For Justice, Equality & Law Reform",Michael Mcdowell,NA,Male,1951,A (2020),independent,independent,independent,1,1,0,Minister (Full Rank),Justice & Legal Affairs,Medium,Political Reform,Medium,NA,NA,NA,NA,0,0,0,0
93028,2005,IRL,Ireland,746,Min. For Social & Family Affairs,Seamus Brennan,NA,Male,1948,2008,ff,Fianna Fail – The Republican Party,Fianna Fail – The Republican Party,1,1,0,Minister (Full Rank),Children & Family,Low,NA,NA,NA,NA,NA,NA,0,0,0,0
93029,2005,IRL,Ireland,747,Min. For Transport,Martin Cullen,NA,Male,1954,A (2020),ff,Fianna Fail – The Republican Party,Fianna Fail – The Republican Party,1,1,0,Minister (Full Rank),Transport,Medium,NA,NA,NA,NA,NA,NA,0,0,0,0
93030,2005,IRL,Ireland,748,Attorney General,Rory Brady,NA,Male,1957,2010,ff,Fianna Fail – The Republican Party,Fianna Fail – The Republican Party,1,0,0,"Attorney General, Chief Justice or Legal Official",NA,NA,NA,NA,NA,NA,NA,NA,0,0,0,0
93031,2005,IRL,Ireland,749,"Governor, Central Bank Of Ireland",John Hurley,NA,Male,NA,NA,NA,NA,NA,0,0,0,Governor (Central Bank),NA,NA,NA,NA,NA,NA,NA,NA,0,0,0,0
93032,2005,IRL,Ireland,750,Ambassador To The Us,Noel Fahey,NA,Male,NA,NA,NA,NA,NA,0,0,0,Ambassador to the United States,NA,NA,NA,NA,NA,NA,NA,NA,0,0,0,0
93033,2005,IRL,Ireland,751,"Permanent Representative To The Un, New York",Richard Ryan,NA,Male,1946,A (2020),NA,NA,NA,0,0,0,Representative to the United Nations,NA,NA,NA,NA,NA,NA,NA,NA,0,0,0,0
93034,2006,IRL,Ireland,752,President,Mary Mcaleese,NA,Female,1951,A (2020),ff,Fianna Fail – The Republican Party,Fianna Fail – The Republican Party,1,0,0,President,NA,NA,NA,NA,NA,NA,NA,NA,0,0,0,0
93035,2006,IRL,Ireland,753,Prime Minister,Bertie Ahern,NA,Male,1951,A (2020),ff,Fianna Fail – The Republican Party,Fianna Fail – The Republican Party,1,0,1,Prime Minister,NA,NA,NA,NA,NA,NA,NA,NA,0,0,0,0
93036,2006,IRL,Ireland,754,Dep. Prime Minister,Mary Harney,NA,Female,1953,A (2020),pd,Progressive Democrats,Progressive Democrats,1,0,0,Deputy Prime Minister,NA,NA,NA,NA,NA,NA,NA,NA,0,0,0,0
93037,2006,IRL,Ireland,755,Min. For Agriculture & Food,Mary Coughlan,NA,Female,1965,A (2020),ff,Fianna Fail – The Republican Party,Fianna Fail – The Republican Party,1,1,0,Minister (Full Rank),"Agriculture, Food, Fisheries & Livestock",Medium,NA,NA,NA,NA,NA,NA,0,0,1,0
93038,2006,IRL,Ireland,756,"Min. For Arts, Sport & Tourism",John O'Donoghue,NA,Male,1956,A (2020),ff,Fianna Fail – The Republican Party,Fianna Fail – The Republican Party,1,1,0,Minister (Full Rank),Culture & Heritage,Medium,Sports,Low,Tourism,Low,NA,NA,0,0,0,0
93039,2006,IRL,Ireland,757,"Min. For Communications, Marine & Natural Resources",Noel Dempsey,NA,Male,1953,A (2020),ff,Fianna Fail – The Republican Party,Fianna Fail – The Republican Party,1,1,0,Minister (Full Rank),Communications & Information,Medium,Natural Resources,Medium,NA,NA,NA,NA,0,0,0,0
93040,2006,IRL,Ireland,758,"Min. For Community, Rural & Gaeltacht Affairs",Eamon O'Cuiv,NA,Male,1950,A (2020),ff,Fianna Fail – The Republican Party,Fianna Fail – The Republican Party,1,1,0,Minister (Full Rank),Culture & Heritage,Medium,NA,NA,NA,NA,NA,NA,0,0,0,0
93041,2006,IRL,Ireland,759,Min. For Defense,Willie O'Dea,NA,Male,1952,A (2020),ff,Fianna Fail – The Republican Party,Fianna Fail – The Republican Party,1,1,0,Minister (Full Rank),"Defense, Military & National Security",High,NA,NA,NA,NA,NA,NA,0,1,0,0
93042,2006,IRL,Ireland,760,Min. For Education & Science,Mary Hanafin,NA,Female,1959,A (2020),ff,Fianna Fail – The Republican Party,Fianna Fail – The Republican Party,1,1,0,Minister (Full Rank),"Education, Training & Skills",Medium,"Science, Technology & Research",Low,NA,NA,NA,NA,0,0,0,0
93043,2006,IRL,Ireland,761,"Min. For Enterprise, Trade & Employment",Micheal Martin,NA,Male,1960,A (2020),ff,Fianna Fail – The Republican Party,Fianna Fail – The Republican Party,1,1,0,Minister (Full Rank),Foreign Economic Relations,Medium,"Enterprises, Companies & Business",Medium,"Labor, Employment & Social Security",Medium,NA,NA,0,0,0,0
93044,2006,IRL,Ireland,762,"Min. For Environment, Heritage & Local Government",Dick Roche,NA,Male,1947,A (2020),ff,Fianna Fail – The Republican Party,Fianna Fail – The Republican Party,1,1,0,Minister (Full Rank),Environment,Medium,Local Government,Medium,Culture & Heritage,Medium,NA,NA,0,0,0,0
93045,2006,IRL,Ireland,763,Min. For Finance,Brian Cowen,NA,Male,1960,A (2020),ff,Fianna Fail – The Republican Party,Fianna Fail – The Republican Party,1,1,0,Minister (Full Rank),"Finance, Budget & Treasury",High,NA,NA,NA,NA,NA,NA,1,0,0,0
93046,2006,IRL,Ireland,764,Min. For Foreign Affairs,Dermot Ahern,NA,Male,1955,A (2020),ff,Fianna Fail – The Republican Party,Fianna Fail – The Republican Party,1,1,0,Minister (Full Rank),Foreign Relations,High,NA,NA,NA,NA,NA,NA,0,0,0,1
93047,2006,IRL,Ireland,765,Min. For Health & Children,Mary Harney,NA,Female,1953,A (2020),pd,Progressive Democrats,Progressive Democrats,1,1,0,Minister (Full Rank),Health & Social Welfare,Medium,Children & Family,Low,NA,NA,NA,NA,0,0,0,0
93048,2006,IRL,Ireland,766,"Min. For Justice, Equality & Law Reform",Michael Mcdowell,NA,Male,1951,A (2020),independent,independent,independent,1,1,0,Minister (Full Rank),Justice & Legal Affairs,Medium,Political Reform,Medium,NA,NA,NA,NA,0,0,0,0
93049,2006,IRL,Ireland,767,Min. For Social & Family Affairs,Seamus Brennan,NA,Male,1948,2008,ff,Fianna Fail – The Republican Party,Fianna Fail – The Republican Party,1,1,0,Minister (Full Rank),Children & Family,Low,NA,NA,NA,NA,NA,NA,0,0,0,0
93050,2006,IRL,Ireland,768,Min. For Transport,Martin Cullen,NA,Male,1954,A (2020),ff,Fianna Fail – The Republican Party,Fianna Fail – The Republican Party,1,1,0,Minister (Full Rank),Transport,Medium,NA,NA,NA,NA,NA,NA,0,0,0,0
93051,2006,IRL,Ireland,769,Attorney General,Rory Brady,NA,Male,1957,2010,ff,Fianna Fail – The Republican Party,Fianna Fail – The Republican Party,1,0,0,"Attorney General, Chief Justice or Legal Official",NA,NA,NA,NA,NA,NA,NA,NA,0,0,0,0
93052,2006,IRL,Ireland,770,"Governor, Central Bank Of Ireland",John Hurley,NA,Male,NA,NA,NA,NA,NA,0,0,0,Governor (Central Bank),NA,NA,NA,NA,NA,NA,NA,NA,0,0,0,0
93053,2006,IRL,Ireland,771,Ambassador To The Us,Noel Fahey,NA,Male,NA,NA,NA,NA,NA,0,0,0,Ambassador to the United States,NA,NA,NA,NA,NA,NA,NA,NA,0,0,0,0
93054,2006,IRL,Ireland,772,"Permanent Representative To The Un, New York",David Cooney,NA,Male,1954,A (2020),NA,NA,NA,0,0,0,Representative to the United Nations,NA,NA,NA,NA,NA,NA,NA,NA,0,0,0,0
93055,2007,IRL,Ireland,773,President,Mary Mcaleese,NA,Female,1951,A (2020),ff,Fianna Fail – The Republican Party,Fianna Fail – The Republican Party,1,0,0,President,NA,NA,NA,NA,NA,NA,NA,NA,0,0,0,0
93056,2007,IRL,Ireland,774,Prime Min.,Bertie Ahern,NA,Male,1951,A (2020),ff,Fianna Fail – The Republican Party,Fianna Fail – The Republican Party,1,0,1,Prime Minister,NA,NA,NA,NA,NA,NA,NA,NA,0,0,0,0
93057,2007,IRL,Ireland,775,Dep. Prime Minister,Brian Cowen,NA,Male,1960,A (2020),ff,Fianna Fail – The Republican Party,Fianna Fail – The Republican Party,1,0,0,Deputy Prime Minister,NA,NA,NA,NA,NA,NA,NA,NA,0,0,0,0
93058,2007,IRL,Ireland,776,"Min. For Agriculture, Fisheries & Food",Mary Coughlan,NA,Female,1965,A (2020),ff,Fianna Fail – The Republican Party,Fianna Fail – The Republican Party,1,1,0,Minister (Full Rank),"Agriculture, Food, Fisheries & Livestock",Medium,NA,NA,NA,NA,NA,NA,0,0,1,0
93059,2007,IRL,Ireland,777,"Min. For Arts, Sport & Tourism",Seamus Brennan,NA,Male,1948,2008,ff,Fianna Fail – The Republican Party,Fianna Fail – The Republican Party,1,1,0,Minister (Full Rank),Culture & Heritage,Medium,Sports,Low,Tourism,Low,NA,NA,0,0,0,0
93060,2007,IRL,Ireland,778,"Min. For Communications, Energy & Natural Resources",Eamon Ryan,NA,Male,1963,A (2020),greens,Green Party,Green Party,1,1,0,Minister (Full Rank),Communications & Information,Medium,Energy,Medium,Natural Resources,Medium,NA,NA,0,0,0,0
93061,2007,IRL,Ireland,779,"Min. For Community, Rural & Gaeltacht Affairs",Eamon O'Cuiv,NA,Male,1950,A (2020),ff,Fianna Fail – The Republican Party,Fianna Fail – The Republican Party,1,1,0,Minister (Full Rank),Culture & Heritage,Medium,NA,NA,NA,NA,NA,NA,0,0,0,0
93062,2007,IRL,Ireland,780,Min. For Defense,Willie O'Dea,NA,Male,1952,A (2020),ff,Fianna Fail – The Republican Party,Fianna Fail – The Republican Party,1,1,0,Minister (Full Rank),"Defense, Military & National Security",High,NA,NA,NA,NA,NA,NA,0,1,0,0
93063,2007,IRL,Ireland,781,Min. For Education & Science,Mary Hanafin,NA,Female,1959,A (2020),ff,Fianna Fail – The Republican Party,Fianna Fail – The Republican Party,1,1,0,Minister (Full Rank),"Education, Training & Skills",Medium,"Science, Technology & Research",Low,NA,NA,NA,NA,0,0,0,0
93064,2007,IRL,Ireland,782,"Min. For Enterprise, Trade & Employment",Micheal Martin,NA,Male,1960,A (2020),ff,Fianna Fail – The Republican Party,Fianna Fail – The Republican Party,1,1,0,Minister (Full Rank),Foreign Economic Relations,Medium,"Enterprises, Companies & Business",Medium,"Labor, Employment & Social Security",Medium,NA,NA,0,0,0,0
93065,2007,IRL,Ireland,783,"Min. For Environment, Heritage & Local Government",John Gormley,NA,Male,1957,A (2020),greens,Green Party,Green Party,1,1,0,Minister (Full Rank),Environment,Medium,Local Government,Medium,Culture & Heritage,Medium,NA,NA,0,0,0,0
93066,2007,IRL,Ireland,784,Min. For Finance,Brian Cowen,NA,Male,1960,A (2020),ff,Fianna Fail – The Republican Party,Fianna Fail – The Republican Party,1,1,0,Minister (Full Rank),"Finance, Budget & Treasury",High,NA,NA,NA,NA,NA,NA,1,0,0,0
93067,2007,IRL,Ireland,785,Min. For Foreign Affairs,Dermot Ahern,NA,Male,1955,A (2020),ff,Fianna Fail – The Republican Party,Fianna Fail – The Republican Party,1,1,0,Minister (Full Rank),Foreign Relations,High,NA,NA,NA,NA,NA,NA,0,0,0,1
93068,2007,IRL,Ireland,786,Min. For Health & Children,Mary Harney,NA,Female,1953,A (2020),pd,Progressive Democrats,Progressive Democrats,1,1,0,Minister (Full Rank),Health & Social Welfare,Medium,Children & Family,Low,NA,NA,NA,NA,0,0,0,0
93069,2007,IRL,Ireland,787,"Min. For Justice, Equality & Law Reform",Brian J. Lenihan,NA,Male,1959,2011,ff,Fianna Fail – The Republican Party,Fianna Fail – The Republican Party,1,1,0,Minister (Full Rank),Justice & Legal Affairs,Medium,Political Reform,Medium,NA,NA,NA,NA,0,0,0,0
93070,2007,IRL,Ireland,788,Min. For Social & Family Affairs,Martin Cullen,NA,Male,1954,A (2020),ff,Fianna Fail – The Republican Party,Fianna Fail – The Republican Party,1,1,0,Minister (Full Rank),Children & Family,Low,NA,NA,NA,NA,NA,NA,0,0,0,0
93071,2007,IRL,Ireland,789,Min. For Transport & Marine,Noel Dempsey,NA,Male,1953,A (2020),ff,Fianna Fail – The Republican Party,Fianna Fail – The Republican Party,1,1,0,Minister (Full Rank),Transport,Medium,NA,NA,NA,NA,NA,NA,0,0,0,0
93072,2007,IRL,Ireland,790,Attorney General,Paul Gallagher,NA,Male,1955,A (2020),ff,Fianna Fail – The Republican Party,Fianna Fail – The Republican Party,1,0,0,"Attorney General, Chief Justice or Legal Official",NA,NA,NA,NA,NA,NA,NA,NA,0,0,0,0
93073,2007,IRL,Ireland,791,"Governor, Central Bank Of Ireland",John Hurley,NA,Male,NA,NA,NA,NA,NA,0,0,0,Governor (Central Bank),NA,NA,NA,NA,NA,NA,NA,NA,0,0,0,0
93074,2007,IRL,Ireland,792,Ambassador To The Us,Noel Fahey,NA,Male,NA,NA,NA,NA,NA,0,0,0,Ambassador to the United States,NA,NA,NA,NA,NA,NA,NA,NA,0,0,0,0
93075,2007,IRL,Ireland,793,"Permanent Representative To The Un, New York",David Cooney,NA,Male,1954,A (2020),NA,NA,NA,0,0,0,Representative to the United Nations,NA,NA,NA,NA,NA,NA,NA,NA,0,0,0,0
93076,2008,IRL,Ireland,794,President,Mary Mcaleese,NA,Female,1951,A (2020),ff,Fianna Fail – The Republican Party,Fianna Fail – The Republican Party,1,0,0,President,NA,NA,NA,NA,NA,NA,NA,NA,0,0,0,0
93077,2008,IRL,Ireland,795,Prime Min.,Brian Cowen,NA,Male,1960,A (2020),ff,Fianna Fail – The Republican Party,Fianna Fail – The Republican Party,1,0,1,Prime Minister,NA,NA,NA,NA,NA,NA,NA,NA,0,0,0,0
93078,2008,IRL,Ireland,796,Dep. Prime Minister,Mary Coughlan,NA,Female,1965,A (2020),ff,Fianna Fail – The Republican Party,Fianna Fail – The Republican Party,1,0,0,Deputy Prime Minister,NA,NA,NA,NA,NA,NA,NA,NA,0,0,0,0
93079,2008,IRL,Ireland,797,"Min. For Agriculture, Fisheries & Food",Brendan Smith,NA,Male,1956,A (2020),ff,Fianna Fail – The Republican Party,Fianna Fail – The Republican Party,1,1,0,Minister (Full Rank),"Agriculture, Food, Fisheries & Livestock",Medium,NA,NA,NA,NA,NA,NA,0,0,1,0
93080,2008,IRL,Ireland,798,"Min. For Arts, Sport & Tourism",Martin Cullen,NA,Male,1954,A (2020),ff,Fianna Fail – The Republican Party,Fianna Fail – The Republican Party,1,1,0,Minister (Full Rank),Culture & Heritage,Medium,Sports,Low,Tourism,Low,NA,NA,0,0,0,0
93081,2008,IRL,Ireland,799,"Min. For Communications, Energy & Natural Resources",Eamon Ryan,NA,Male,1963,A (2020),greens,Green Party,Green Party,1,1,0,Minister (Full Rank),Communications & Information,Medium,Energy,Medium,Natural Resources,Medium,NA,NA,0,0,0,0
93082,2008,IRL,Ireland,800,"Min. For Community, Rural & Gaeltacht Affairs",Eamon O'Cuiv,NA,Male,1950,A (2020),ff,Fianna Fail – The Republican Party,Fianna Fail – The Republican Party,1,1,0,Minister (Full Rank),Culture & Heritage,Medium,NA,NA,NA,NA,NA,NA,0,0,0,0
93083,2008,IRL,Ireland,801,Min. For Defense,Willie O'Dea,NA,Male,1952,A (2020),ff,Fianna Fail – The Republican Party,Fianna Fail – The Republican Party,1,1,0,Minister (Full Rank),"Defense, Military & National Security",High,NA,NA,NA,NA,NA,NA,0,1,0,0
93084,2008,IRL,Ireland,802,Min. For Education & Science,Batt O'Keeffe,NA,Male,1945,A (2020),ff,Fianna Fail – The Republican Party,Fianna Fail – The Republican Party,1,1,0,Minister (Full Rank),"Education, Training & Skills",Medium,"Science, Technology & Research",Low,NA,NA,NA,NA,0,0,0,0
93085,2008,IRL,Ireland,803,"Min. For Enterprise, Trade & Employment",Mary Coughlan,NA,Female,1965,A (2020),ff,Fianna Fail – The Republican Party,Fianna Fail – The Republican Party,1,1,0,Minister (Full Rank),Foreign Economic Relations,Medium,"Enterprises, Companies & Business",Medium,"Labor, Employment & Social Security",Medium,NA,NA,0,0,0,0
93086,2008,IRL,Ireland,804,"Min. For Environment, Heritage & Local Government",John Gormley,NA,Male,1957,A (2020),greens,Green Party,Green Party,1,1,0,Minister (Full Rank),Environment,Medium,Local Government,Medium,Culture & Heritage,Medium,NA,NA,0,0,0,0
93087,2008,IRL,Ireland,805,Min. For Finance,Brian J. Lenihan,NA,Male,1959,2011,ff,Fianna Fail – The Republican Party,Fianna Fail – The Republican Party,1,1,0,Minister (Full Rank),"Finance, Budget & Treasury",High,NA,NA,NA,NA,NA,NA,1,0,0,0
93088,2008,IRL,Ireland,806,Min. For Foreign Affairs,Micheal Martin,NA,Male,1960,A (2020),ff,Fianna Fail – The Republican Party,Fianna Fail – The Republican Party,1,1,0,Minister (Full Rank),Foreign Relations,High,NA,NA,NA,NA,NA,NA,0,0,0,1
93089,2008,IRL,Ireland,807,Min. For Health & Children,Mary Harney,NA,Female,1953,A (2020),pd,Progressive Democrats,Progressive Democrats,1,1,0,Minister (Full Rank),Health & Social Welfare,Medium,Children & Family,Low,NA,NA,NA,NA,0,0,0,0
93090,2008,IRL,Ireland,808,"Min. For Justice, Equality & Law Reform",Dermot Ahern,NA,Male,1955,A (2020),ff,Fianna Fail – The Republican Party,Fianna Fail – The Republican Party,1,1,0,Minister (Full Rank),Justice & Legal Affairs,Medium,Political Reform,Medium,NA,NA,NA,NA,0,0,0,0
93091,2008,IRL,Ireland,809,Min. For Social & Family Affairs,Mary Hanafin,NA,Female,1959,A (2020),ff,Fianna Fail – The Republican Party,Fianna Fail – The Republican Party,1,1,0,Minister (Full Rank),Children & Family,Low,NA,NA,NA,NA,NA,NA,0,0,0,0
93092,2008,IRL,Ireland,810,Min. For Transport & Marine,Noel Dempsey,NA,Male,1953,A (2020),ff,Fianna Fail – The Republican Party,Fianna Fail – The Republican Party,1,1,0,Minister (Full Rank),Transport,Medium,NA,NA,NA,NA,NA,NA,0,0,0,0
93093,2008,IRL,Ireland,811,Attorney General,Paul Gallagher,NA,Male,1955,A (2020),ff,Fianna Fail – The Republican Party,Fianna Fail – The Republican Party,1,0,0,"Attorney General, Chief Justice or Legal Official",NA,NA,NA,NA,NA,NA,NA,NA,0,0,0,0
93094,2008,IRL,Ireland,812,"Governor, Central Bank Of Ireland",John Hurley,NA,Male,NA,NA,NA,NA,NA,0,0,0,Governor (Central Bank),NA,NA,NA,NA,NA,NA,NA,NA,0,0,0,0
93095,2008,IRL,Ireland,813,Ambassador To The Us,Michael Collins,NA,Male,1953,A (2020),NA,NA,NA,0,0,0,Ambassador to the United States,NA,NA,NA,NA,NA,NA,NA,NA,0,0,0,0
93096,2008,IRL,Ireland,814,"Permanent Representative To The Un, New York",John Paul Kavanagh,NA,Male,1956,A (2020),NA,NA,NA,0,0,0,Representative to the United Nations,NA,NA,NA,NA,NA,NA,NA,NA,0,0,0,0
93097,2009,IRL,Ireland,815,President,Mary Mcaleese,NA,Female,1951,A (2020),ff,Fianna Fail – The Republican Party,Fianna Fail – The Republican Party,1,0,0,President,NA,NA,NA,NA,NA,NA,NA,NA,0,0,0,0
93098,2009,IRL,Ireland,816,Prime Min.,Brian Cowen,NA,Male,1960,A (2020),ff,Fianna Fail – The Republican Party,Fianna Fail – The Republican Party,1,0,1,Prime Minister,NA,NA,NA,NA,NA,NA,NA,NA,0,0,0,0
93099,2009,IRL,Ireland,817,Dep. Prime Minister,Mary Coughlan,NA,Female,1965,A (2020),ff,Fianna Fail – The Republican Party,Fianna Fail – The Republican Party,1,0,0,Deputy Prime Minister,NA,NA,NA,NA,NA,NA,NA,NA,0,0,0,0
93100,2009,IRL,Ireland,818,"Min. For Agriculture, Fisheries & Food",Brendan Smith,NA,Male,1956,A (2020),ff,Fianna Fail – The Republican Party,Fianna Fail – The Republican Party,1,1,0,Minister (Full Rank),"Agriculture, Food, Fisheries & Livestock",Medium,NA,NA,NA,NA,NA,NA,0,0,1,0
93101,2009,IRL,Ireland,819,"Min. For Arts, Sport & Tourism",Martin Cullen,NA,Male,1954,A (2020),ff,Fianna Fail – The Republican Party,Fianna Fail – The Republican Party,1,1,0,Minister (Full Rank),Culture & Heritage,Medium,Sports,Low,Tourism,Low,NA,NA,0,0,0,0
93102,2009,IRL,Ireland,820,"Min. For Communications, Energy & Natural Resources",Eamon Ryan,NA,Male,1963,A (2020),greens,Green Party,Green Party,1,1,0,Minister (Full Rank),Communications & Information,Medium,Energy,Medium,Natural Resources,Medium,NA,NA,0,0,0,0
93103,2009,IRL,Ireland,821,"Min. For Community, Rural & Gaeltacht Affairs",Eamon O'Cuiv,NA,Male,1950,A (2020),ff,Fianna Fail – The Republican Party,Fianna Fail – The Republican Party,1,1,0,Minister (Full Rank),Culture & Heritage,Medium,NA,NA,NA,NA,NA,NA,0,0,0,0
93104,2009,IRL,Ireland,822,Min. For Defense,Willie O'Dea,NA,Male,1952,A (2020),ff,Fianna Fail – The Republican Party,Fianna Fail – The Republican Party,1,1,0,Minister (Full Rank),"Defense, Military & National Security",High,NA,NA,NA,NA,NA,NA,0,1,0,0
93105,2009,IRL,Ireland,823,Min. For Education & Science,Batt O'Keeffe,NA,Male,1945,A (2020),ff,Fianna Fail – The Republican Party,Fianna Fail – The Republican Party,1,1,0,Minister (Full Rank),"Education, Training & Skills",Medium,"Science, Technology & Research",Low,NA,NA,NA,NA,0,0,0,0
93106,2009,IRL,Ireland,824,"Min. For Enterprise, Trade & Employment",Mary Coughlan,NA,Female,1965,A (2020),ff,Fianna Fail – The Republican Party,Fianna Fail – The Republican Party,1,1,0,Minister (Full Rank),Foreign Economic Relations,Medium,"Enterprises, Companies & Business",Medium,"Labor, Employment & Social Security",Medium,NA,NA,0,0,0,0
93107,2009,IRL,Ireland,825,"Min. For Environment, Heritage & Local Government",John Gormley,NA,Male,1957,A (2020),greens,Green Party,Green Party,1,1,0,Minister (Full Rank),Environment,Medium,Local Government,Medium,Culture & Heritage,Medium,NA,NA,0,0,0,0
93108,2009,IRL,Ireland,826,Min. For Finance,Brian J. Lenihan,NA,Male,1959,2011,ff,Fianna Fail – The Republican Party,Fianna Fail – The Republican Party,1,1,0,Minister (Full Rank),"Finance, Budget & Treasury",High,NA,NA,NA,NA,NA,NA,1,0,0,0
93109,2009,IRL,Ireland,827,Min. For Foreign Affairs,Micheal Martin,NA,Male,1960,A (2020),ff,Fianna Fail – The Republican Party,Fianna Fail – The Republican Party,1,1,0,Minister (Full Rank),Foreign Relations,High,NA,NA,NA,NA,NA,NA,0,0,0,1
93110,2009,IRL,Ireland,828,Min. For Health & Children,Mary Harney,NA,Female,1953,A (2020),pd,Progressive Democrats,Progressive Democrats,1,1,0,Minister (Full Rank),Health & Social Welfare,Medium,Children & Family,Low,NA,NA,NA,NA,0,0,0,0
93111,2009,IRL,Ireland,829,"Min. For Justice, Equality & Law Reform",Dermot Ahern,NA,Male,1955,A (2020),ff,Fianna Fail – The Republican Party,Fianna Fail – The Republican Party,1,1,0,Minister (Full Rank),Justice & Legal Affairs,Medium,Political Reform,Medium,NA,NA,NA,NA,0,0,0,0
93112,2009,IRL,Ireland,830,Min. For Social & Family Affairs,Mary Hanafin,NA,Female,1959,A (2020),ff,Fianna Fail – The Republican Party,Fianna Fail – The Republican Party,1,1,0,Minister (Full Rank),Children & Family,Low,NA,NA,NA,NA,NA,NA,0,0,0,0
93113,2009,IRL,Ireland,831,Min. For Transport & Marine,Noel Dempsey,NA,Male,1953,A (2020),ff,Fianna Fail – The Republican Party,Fianna Fail – The Republican Party,1,1,0,Minister (Full Rank),Transport,Medium,NA,NA,NA,NA,NA,NA,0,0,0,0
93114,2009,IRL,Ireland,832,Attorney General,Paul Gallagher,NA,Male,1955,A (2020),ff,Fianna Fail – The Republican Party,Fianna Fail – The Republican Party,1,0,0,"Attorney General, Chief Justice or Legal Official",NA,NA,NA,NA,NA,NA,NA,NA,0,0,0,0
93115,2009,IRL,Ireland,833,"Governor, Central Bank Of Ireland",John Hurley,NA,Male,NA,NA,NA,NA,NA,0,0,0,Governor (Central Bank),NA,NA,NA,NA,NA,NA,NA,NA,0,0,0,0
93116,2009,IRL,Ireland,834,Ambassador To The Us,Michael Collins,NA,Male,1953,A (2020),NA,NA,NA,0,0,0,Ambassador to the United States,NA,NA,NA,NA,NA,NA,NA,NA,0,0,0,0
93117,2009,IRL,Ireland,835,"Permanent Representative To The Un, New York",John Paul Kavanagh,NA,Male,1956,A (2020),NA,NA,NA,0,0,0,Representative to the United Nations,NA,NA,NA,NA,NA,NA,NA,NA,0,0,0,0
93118,2010,IRL,Ireland,836,President,Mary Mcaleese,NA,Female,1951,A (2020),ff,Fianna Fail – The Republican Party,Fianna Fail – The Republican Party,1,0,0,President,NA,NA,NA,NA,NA,NA,NA,NA,0,0,0,0
93119,2010,IRL,Ireland,837,Taoiseach (Prime Min. ),Brian Cowen,NA,Male,1960,A (2020),ff,Fianna Fail – The Republican Party,Fianna Fail – The Republican Party,1,0,1,Prime Minister,NA,NA,NA,NA,NA,NA,NA,NA,0,0,0,0
93120,2010,IRL,Ireland,838,Dep. Prime Minister,Mary Coughlan,NA,Female,1965,A (2020),ff,Fianna Fail – The Republican Party,Fianna Fail – The Republican Party,1,0,0,Deputy Prime Minister,NA,NA,NA,NA,NA,NA,NA,NA,0,0,0,0
93121,2010,IRL,Ireland,839,"Min. For Agriculture, Fisheries & Food",Brendan Smith,NA,Male,1956,A (2020),ff,Fianna Fail – The Republican Party,Fianna Fail – The Republican Party,1,1,0,Minister (Full Rank),"Agriculture, Food, Fisheries & Livestock",Medium,NA,NA,NA,NA,NA,NA,0,0,1,0
93122,2010,IRL,Ireland,840,"Min. For Communications, Energy & Natural Resources",Eamon Ryan,NA,Male,1963,A (2020),greens,Green Party,Green Party,1,1,0,Minister (Full Rank),Communications & Information,Medium,Energy,Medium,Natural Resources,Medium,NA,NA,0,0,0,0
93123,2010,IRL,Ireland,841,"Min. For Community, Equality & Gaeltacht Affairs",Pat Carey,NA,Male,1947,A (2020),ff,Fianna Fail – The Republican Party,Fianna Fail – The Republican Party,1,1,0,Minister (Full Rank),Culture & Heritage,Medium,NA,NA,NA,NA,NA,NA,0,0,0,0
93124,2010,IRL,Ireland,842,Min. For Defense,Tony Killeen,NA,Male,1952,A (2020),ff,Fianna Fail – The Republican Party,Fianna Fail – The Republican Party,1,1,0,Minister (Full Rank),"Defense, Military & National Security",High,NA,NA,NA,NA,NA,NA,0,1,0,0
93125,2010,IRL,Ireland,843,Min. For Education & Skills,Mary Coughlan,NA,Female,1965,A (2020),ff,Fianna Fail – The Republican Party,Fianna Fail – The Republican Party,1,1,0,Minister (Full Rank),"Education, Training & Skills",Medium,NA,NA,NA,NA,NA,NA,0,0,0,0
93126,2010,IRL,Ireland,844,"Min. For Enterprise, Trade & Innovation",Batt O'Keeffe,NA,Male,1945,A (2020),ff,Fianna Fail – The Republican Party,Fianna Fail – The Republican Party,1,1,0,Minister (Full Rank),Foreign Economic Relations,Medium,"Enterprises, Companies & Business",Medium,"Science, Technology & Research",Low,NA,NA,0,0,0,0
93127,2010,IRL,Ireland,845,"Min. For Environment, Heritage & Local Government",John Gormley,NA,Male,1957,A (2020),greens,Green Party,Green Party,1,1,0,Minister (Full Rank),Environment,Medium,Local Government,Medium,Culture & Heritage,Medium,NA,NA,0,0,0,0
93128,2010,IRL,Ireland,846,Min. For Finance,Brian J. Lenihan,NA,Male,1959,2011,ff,Fianna Fail – The Republican Party,Fianna Fail – The Republican Party,1,1,0,Minister (Full Rank),"Finance, Budget & Treasury",High,NA,NA,NA,NA,NA,NA,1,0,0,0
93129,2010,IRL,Ireland,847,Min. For Foreign Affairs,Micheal Martin,NA,Male,1960,A (2020),ff,Fianna Fail – The Republican Party,Fianna Fail – The Republican Party,1,1,0,Minister (Full Rank),Foreign Relations,High,NA,NA,NA,NA,NA,NA,0,0,0,1
93130,2010,IRL,Ireland,848,Min. For Health & Children,Mary Harney,NA,Female,1953,A (2020),pd,Progressive Democrats,Progressive Democrats,1,1,0,Minister (Full Rank),Health & Social Welfare,Medium,Children & Family,Low,NA,NA,NA,NA,0,0,0,0
93131,2010,IRL,Ireland,849,Min. For Justice & Law Reform,Dermot Ahern,NA,Male,1955,A (2020),ff,Fianna Fail – The Republican Party,Fianna Fail – The Republican Party,1,1,0,Minister (Full Rank),Justice & Legal Affairs,Medium,"Labor, Employment & Social Security",Medium,Political Reform,Medium,NA,NA,0,0,0,0
93132,2010,IRL,Ireland,850,Min. For Social Protection,Eamon O'Cuiv,NA,Male,1950,A (2020),ff,Fianna Fail – The Republican Party,Fianna Fail – The Republican Party,1,1,0,Minister (Full Rank),Other,NA,NA,NA,NA,NA,NA,NA,0,0,0,0
93133,2010,IRL,Ireland,851,"Min. For Tourism, Culture & Sport",Mary Hanafin,NA,Female,1959,A (2020),ff,Fianna Fail – The Republican Party,Fianna Fail – The Republican Party,1,1,0,Minister (Full Rank),Culture & Heritage,Medium,Sports,Low,Tourism,Low,NA,NA,0,0,0,0
93134,2010,IRL,Ireland,852,Min. For Transport,Noel Dempsey,NA,Male,1953,A (2020),ff,Fianna Fail – The Republican Party,Fianna Fail – The Republican Party,1,1,0,Minister (Full Rank),Transport,Medium,NA,NA,NA,NA,NA,NA,0,0,0,0
93135,2010,IRL,Ireland,853,Attorney General,Paul Gallagher,NA,Male,1955,A (2020),ff,Fianna Fail – The Republican Party,Fianna Fail – The Republican Party,1,0,0,"Attorney General, Chief Justice or Legal Official",NA,NA,NA,NA,NA,NA,NA,NA,0,0,0,0
93136,2010,IRL,Ireland,854,"Governor, Central Bank Of Ireland",Patrick Honohan,NA,Male,1949,A (2020),NA,NA,NA,0,0,0,Governor (Central Bank),NA,NA,NA,NA,NA,NA,NA,NA,0,0,0,0
93137,2010,IRL,Ireland,855,Ambassador To The Us,Michael Collins,NA,Male,1953,A (2020),NA,NA,NA,0,0,0,Ambassador to the United States,NA,NA,NA,NA,NA,NA,NA,NA,0,0,0,0
93138,2010,IRL,Ireland,856,"Permanent Representative To The Un, New York",Anne Colette Anderson,NA,Female,1952,A (2020),NA,NA,NA,0,0,0,Representative to the United Nations,NA,NA,NA,NA,NA,NA,NA,NA,0,0,0,0
93139,2011,IRL,Ireland,857,President,Mary Mcaleese,NA,Female,1951,A (2020),ff,Fianna Fail – The Republican Party,Fianna Fail – The Republican Party,1,0,0,President,NA,NA,NA,NA,NA,NA,NA,NA,0,0,0,0
93140,2011,IRL,Ireland,858,Taoiseach (Prime Min. ),Enda Kenny,NA,Male,1951,A (2020),fg,Fine Gael (Familiy of the Irish),Fine Gael (Familiy of the Irish),1,0,1,Prime Minister,NA,NA,NA,NA,NA,NA,NA,NA,0,0,0,0
93141,2011,IRL,Ireland,859,Dep. Prime Minister,Eamon Gilmore,NA,Male,1955,A (2020),lab,Labour Party,Labour Party,1,0,0,Deputy Prime Minister,NA,NA,NA,NA,NA,NA,NA,NA,0,0,0,0
93142,2011,IRL,Ireland,860,"Min. For Agriculture, Marine & Food",Simon Coveney,NA,Male,1972,A (2020),fg,Fine Gael (Familiy of the Irish),Fine Gael (Familiy of the Irish),1,1,0,Minister (Full Rank),"Agriculture, Food, Fisheries & Livestock",Medium,Environment,Medium,NA,NA,NA,NA,0,0,1,0
93143,2011,IRL,Ireland,861,"Min. For Arts, Heritage & Gaeltacht Affairs",Jimmy Deenihan,NA,Male,1952,A (2020),fg,Fine Gael (Familiy of the Irish),Fine Gael (Familiy of the Irish),1,1,0,Minister (Full Rank),Culture & Heritage,Medium,NA,NA,NA,NA,NA,NA,0,0,0,0
93144,2011,IRL,Ireland,862,Min. For Children,Frances Fitzgerald,NA,Male,1950,A (2020),fg,Fine Gael (Familiy of the Irish),Fine Gael (Familiy of the Irish),1,1,0,Minister (Full Rank),Children & Family,Low,NA,NA,NA,NA,NA,NA,0,0,0,0
93145,2011,IRL,Ireland,863,"Min. For Communications, Energy & Natural Resources",Pat Rabbitte,NA,Male,1949,A (2020),lab,Labour Party,Labour Party,1,1,0,Minister (Full Rank),Communications & Information,Medium,Energy,Medium,Natural Resources,Medium,NA,NA,0,0,0,0
93146,2011,IRL,Ireland,864,Min. For Education & Skills,Ruairi Quinn,NA,Male,1946,A (2020),lab,Labour Party,Labour Party,1,1,0,Minister (Full Rank),"Education, Training & Skills",Medium,NA,NA,NA,NA,NA,NA,0,0,0,0
93147,2011,IRL,Ireland,865,"Min. For Enterprise, Jobs & Innovation",Richard Bruton,NA,Male,1953,A (2020),fg,Fine Gael (Familiy of the Irish),Fine Gael (Familiy of the Irish),1,1,0,Minister (Full Rank),"Enterprises, Companies & Business",Medium,"Science, Technology & Research",Low,NA,NA,NA,NA,0,0,0,0
93148,2011,IRL,Ireland,866,"Min. For Environment, Community & Local Government",Philip Hogan,NA,Male,1960,A (2020),fg,Fine Gael (Familiy of the Irish),Fine Gael (Familiy of the Irish),1,1,0,Minister (Full Rank),Environment,Medium,Local Government,Medium,NA,NA,NA,NA,0,0,0,0
93149,2011,IRL,Ireland,867,Min. For Finance,Michael Noonan,NA,Male,1943,A (2020),fg,Fine Gael (Familiy of the Irish),Fine Gael (Familiy of the Irish),1,1,0,Minister (Full Rank),"Finance, Budget & Treasury",High,NA,NA,NA,NA,NA,NA,1,0,0,0
93150,2011,IRL,Ireland,868,Min. For Foreign Affairs & Trade,Eamon Gilmore,NA,Male,1955,A (2020),lab,Labour Party,Labour Party,1,1,0,Minister (Full Rank),Foreign Relations,High,Foreign Economic Relations,Medium,NA,NA,NA,NA,0,0,0,1
93151,2011,IRL,Ireland,869,Min. For Health,James Reilly,NA,Male,1955,A (2020),fg,Fine Gael (Familiy of the Irish),Fine Gael (Familiy of the Irish),1,1,0,Minister (Full Rank),Health & Social Welfare,Medium,NA,NA,NA,NA,NA,NA,0,0,0,0
93152,2011,IRL,Ireland,870,"Min. For Justice, Equality & Defense",Alan Joseph Shatter,NA,Male,1951,A (2020),fg,Fine Gael (Familiy of the Irish),Fine Gael (Familiy of the Irish),1,1,0,Minister (Full Rank),"Defense, Military & National Security",High,Justice & Legal Affairs,Medium,NA,NA,NA,NA,0,1,0,0
93153,2011,IRL,Ireland,871,Min. For Public Expenditure & Reform,Brendan Howlin,NA,Male,1956,A (2020),lab,Labour Party,Labour Party,1,1,0,Minister (Full Rank),Political Reform,Medium,NA,NA,NA,NA,NA,NA,0,0,0,0
93154,2011,IRL,Ireland,872,Min. For Social Protection,Joan Burton,NA,Female,1949,A (2020),lab,Labour Party,Labour Party,1,1,0,Minister (Full Rank),Other,NA,NA,NA,NA,NA,NA,NA,0,0,0,0
93155,2011,IRL,Ireland,873,"Min. For Transport, Tourism & Sport",Leo Varadkar,NA,Male,1979,A (2020),fg,Fine Gael (Familiy of the Irish),Fine Gael (Familiy of the Irish),1,1,0,Minister (Full Rank),Transport,Medium,Sports,Low,Tourism,Low,NA,NA,0,0,0,0
93156,2011,IRL,Ireland,874,Attorney General,Maire Whelan,NA,Female,1956,A (2020),lab,Labour Party,Labour Party,1,0,0,"Attorney General, Chief Justice or Legal Official",NA,NA,NA,NA,NA,NA,NA,NA,0,0,0,0
93157,2011,IRL,Ireland,875,"Governor, Central Bank Of Ireland",Patrick Honohan,NA,Male,1949,A (2020),NA,NA,NA,0,0,0,Governor (Central Bank),NA,NA,NA,NA,NA,NA,NA,NA,0,0,0,0
93158,2011,IRL,Ireland,876,Ambassador To The Us,Michael Collins,NA,Male,1953,A (2020),NA,NA,NA,0,0,0,Ambassador to the United States,NA,NA,NA,NA,NA,NA,NA,NA,0,0,0,0
93159,2011,IRL,Ireland,877,"Permanent Representative To The Un, New York",Anne Colette Anderson,NA,Female,1952,A (2020),NA,NA,NA,0,0,0,Representative to the United Nations,NA,NA,NA,NA,NA,NA,NA,NA,0,0,0,0
93160,2012,IRL,Ireland,878,President,Michael Daniel Higgins,NA,Male,1941,A (2020),lab,Labour Party,Labour Party,1,0,0,President,NA,NA,NA,NA,NA,NA,NA,NA,0,0,0,0
93161,2012,IRL,Ireland,879,Taoiseach (Prime Min. ),Enda Kenny,NA,Male,1951,A (2020),fg,Fine Gael (Familiy of the Irish),Fine Gael (Familiy of the Irish),1,0,1,Prime Minister,NA,NA,NA,NA,NA,NA,NA,NA,0,0,0,0
93162,2012,IRL,Ireland,880,Dep. Prime Minister,Eamon Gilmore,NA,Male,1955,A (2020),lab,Labour Party,Labour Party,1,0,0,Deputy Prime Minister,NA,NA,NA,NA,NA,NA,NA,NA,0,0,0,0
93163,2012,IRL,Ireland,881,"Min. For Agriculture, Food & The Marine",Simon Coveney,NA,Male,1972,A (2020),fg,Fine Gael (Familiy of the Irish),Fine Gael (Familiy of the Irish),1,1,0,Minister (Full Rank),"Agriculture, Food, Fisheries & Livestock",Medium,Environment,Medium,NA,NA,NA,NA,0,0,1,0
93164,2012,IRL,Ireland,882,"Min. For Arts, Heritage & Gaeltacht Affairs",Jimmy Deenihan,NA,Male,1952,A (2020),fg,Fine Gael (Familiy of the Irish),Fine Gael (Familiy of the Irish),1,1,0,Minister (Full Rank),Culture & Heritage,Medium,NA,NA,NA,NA,NA,NA,0,0,0,0
93165,2012,IRL,Ireland,883,Min. For Children,Frances Fitzgerald,NA,Male,1950,A (2020),fg,Fine Gael (Familiy of the Irish),Fine Gael (Familiy of the Irish),1,1,0,Minister (Full Rank),Children & Family,Low,NA,NA,NA,NA,NA,NA,0,0,0,0
93166,2012,IRL,Ireland,884,"Min. For Communications, Energy & Natural Resources",Pat Rabbitte,NA,Male,1949,A (2020),lab,Labour Party,Labour Party,1,1,0,Minister (Full Rank),Communications & Information,Medium,Energy,Medium,Natural Resources,Medium,NA,NA,0,0,0,0
93167,2012,IRL,Ireland,885,Min. For Defense,Alan Joseph Shatter,NA,Male,1951,A (2020),fg,Fine Gael (Familiy of the Irish),Fine Gael (Familiy of the Irish),1,1,0,Minister (Full Rank),"Defense, Military & National Security",High,NA,NA,NA,NA,NA,NA,0,1,0,0
93168,2012,IRL,Ireland,886,Min. For Education & Skills,Ruairi Quinn,NA,Male,1946,A (2020),lab,Labour Party,Labour Party,1,1,0,Minister (Full Rank),"Education, Training & Skills",Medium,NA,NA,NA,NA,NA,NA,0,0,0,0
93169,2012,IRL,Ireland,887,"Min. For Enterprise, Jobs & Innovation",Richard Bruton,NA,Male,1953,A (2020),fg,Fine Gael (Familiy of the Irish),Fine Gael (Familiy of the Irish),1,1,0,Minister (Full Rank),"Enterprises, Companies & Business",Medium,"Science, Technology & Research",Low,NA,NA,NA,NA,0,0,0,0
93170,2012,IRL,Ireland,888,"Min. For Environment, Community & Local Govt.",Philip Hogan,NA,Male,1960,A (2020),fg,Fine Gael (Familiy of the Irish),Fine Gael (Familiy of the Irish),1,1,0,Minister (Full Rank),Environment,Medium,Local Government,Medium,NA,NA,NA,NA,0,0,0,0
93171,2012,IRL,Ireland,889,Min. For Finance,Michael Noonan,NA,Male,1943,A (2020),fg,Fine Gael (Familiy of the Irish),Fine Gael (Familiy of the Irish),1,1,0,Minister (Full Rank),"Finance, Budget & Treasury",High,NA,NA,NA,NA,NA,NA,1,0,0,0
93172,2012,IRL,Ireland,890,Min. For Foreign Affairs & Trade,Eamon Gilmore,NA,Male,1955,A (2020),lab,Labour Party,Labour Party,1,1,0,Minister (Full Rank),Foreign Relations,High,Foreign Economic Relations,Medium,NA,NA,NA,NA,0,0,0,1
93173,2012,IRL,Ireland,891,Min. For Health,James Reilly,NA,Male,1955,A (2020),fg,Fine Gael (Familiy of the Irish),Fine Gael (Familiy of the Irish),1,1,0,Minister (Full Rank),Health & Social Welfare,Medium,NA,NA,NA,NA,NA,NA,0,0,0,0
93174,2012,IRL,Ireland,892,Min. For Justice & Equality,Alan Joseph Shatter,NA,Male,1951,A (2020),fg,Fine Gael (Familiy of the Irish),Fine Gael (Familiy of the Irish),1,1,0,Minister (Full Rank),Justice & Legal Affairs,Medium,NA,NA,NA,NA,NA,NA,0,0,0,0
93175,2012,IRL,Ireland,893,Min. For Public Expenditure & Reform,Brendan Howlin,NA,Male,1956,A (2020),lab,Labour Party,Labour Party,1,1,0,Minister (Full Rank),Political Reform,Medium,NA,NA,NA,NA,NA,NA,0,0,0,0
93176,2012,IRL,Ireland,894,Min. For Social Protection,Joan Burton,NA,Female,1949,A (2020),lab,Labour Party,Labour Party,1,1,0,Minister (Full Rank),Other,NA,NA,NA,NA,NA,NA,NA,0,0,0,0
93177,2012,IRL,Ireland,895,"Min. For Transport, Tourism & Sport",Leo Varadkar,NA,Male,1979,A (2020),fg,Fine Gael (Familiy of the Irish),Fine Gael (Familiy of the Irish),1,1,0,Minister (Full Rank),Transport,Medium,Sports,Low,Tourism,Low,NA,NA,0,0,0,0
93178,2012,IRL,Ireland,896,Attorney General,Maire Whelan,NA,Female,1956,A (2020),lab,Labour Party,Labour Party,1,0,0,"Attorney General, Chief Justice or Legal Official",NA,NA,NA,NA,NA,NA,NA,NA,0,0,0,0
93179,2012,IRL,Ireland,897,"Governor, Central Bank Of Ireland",Patrick Honohan,NA,Male,1949,A (2020),NA,NA,NA,0,0,0,Governor (Central Bank),NA,NA,NA,NA,NA,NA,NA,NA,0,0,0,0
93180,2012,IRL,Ireland,898,Ambassador To The Us,Michael Collins,NA,Male,1953,A (2020),NA,NA,NA,0,0,0,Ambassador to the United States,NA,NA,NA,NA,NA,NA,NA,NA,0,0,0,0
93181,2012,IRL,Ireland,899,"Permanent Representative To The Un, New York",Anne Colette Anderson,NA,Female,1952,A (2020),NA,NA,NA,0,0,0,Representative to the United Nations,NA,NA,NA,NA,NA,NA,NA,NA,0,0,0,0
93182,2013,IRL,Ireland,900,President,Michael Daniel Higgins,NA,Male,1941,A (2020),lab,Labour Party,Labour Party,1,0,0,President,NA,NA,NA,NA,NA,NA,NA,NA,0,0,0,0
93183,2013,IRL,Ireland,901,Taoiseach (Prime Min. ),Enda Kenny,NA,Male,1951,A (2020),fg,Fine Gael (Familiy of the Irish),Fine Gael (Familiy of the Irish),1,0,1,Prime Minister,NA,NA,NA,NA,NA,NA,NA,NA,0,0,0,0
93184,2013,IRL,Ireland,902,Dep. Prime Minister,Eamon Gilmore,NA,Male,1955,A (2020),lab,Labour Party,Labour Party,1,0,0,Deputy Prime Minister,NA,NA,NA,NA,NA,NA,NA,NA,0,0,0,0
93185,2013,IRL,Ireland,903,"Min. For Agriculture, Food & The Marine",Simon Coveney,NA,Male,1972,A (2020),fg,Fine Gael (Familiy of the Irish),Fine Gael (Familiy of the Irish),1,1,0,Minister (Full Rank),"Agriculture, Food, Fisheries & Livestock",Medium,Environment,Medium,NA,NA,NA,NA,0,0,1,0
93186,2013,IRL,Ireland,904,"Min. For Arts, Heritage & Gaeltacht Affairs",Jimmy Deenihan,NA,Male,1952,A (2020),fg,Fine Gael (Familiy of the Irish),Fine Gael (Familiy of the Irish),1,1,0,Minister (Full Rank),Culture & Heritage,Medium,NA,NA,NA,NA,NA,NA,0,0,0,0
93187,2013,IRL,Ireland,905,Min. For Children,Frances Fitzgerald,NA,Male,1950,A (2020),fg,Fine Gael (Familiy of the Irish),Fine Gael (Familiy of the Irish),1,1,0,Minister (Full Rank),Children & Family,Low,NA,NA,NA,NA,NA,NA,0,0,0,0
93188,2013,IRL,Ireland,906,"Min. For Communications, Energy & Natural Resources",Pat Rabbitte,NA,Male,1949,A (2020),lab,Labour Party,Labour Party,1,1,0,Minister (Full Rank),Communications & Information,Medium,Energy,Medium,Natural Resources,Medium,NA,NA,0,0,0,0
93189,2013,IRL,Ireland,907,Min. For Defense,Alan Joseph Shatter,NA,Male,1951,A (2020),fg,Fine Gael (Familiy of the Irish),Fine Gael (Familiy of the Irish),1,1,0,Minister (Full Rank),"Defense, Military & National Security",High,NA,NA,NA,NA,NA,NA,0,1,0,0
93190,2013,IRL,Ireland,908,Min. For Education & Skills,Ruairi Quinn,NA,Male,1946,A (2020),lab,Labour Party,Labour Party,1,1,0,Minister (Full Rank),"Education, Training & Skills",Medium,NA,NA,NA,NA,NA,NA,0,0,0,0
93191,2013,IRL,Ireland,909,"Min. For Enterprise, Jobs & Innovation",Richard Bruton,NA,Male,1953,A (2020),fg,Fine Gael (Familiy of the Irish),Fine Gael (Familiy of the Irish),1,1,0,Minister (Full Rank),"Enterprises, Companies & Business",Medium,"Science, Technology & Research",Low,NA,NA,NA,NA,0,0,0,0
93192,2013,IRL,Ireland,910,"Min. For Environment, Community & Local Govt.",Philip Hogan,NA,Male,1960,A (2020),fg,Fine Gael (Familiy of the Irish),Fine Gael (Familiy of the Irish),1,1,0,Minister (Full Rank),Environment,Medium,Local Government,Medium,NA,NA,NA,NA,0,0,0,0
93193,2013,IRL,Ireland,911,Min. For Finance,Michael Noonan,NA,Male,1943,A (2020),fg,Fine Gael (Familiy of the Irish),Fine Gael (Familiy of the Irish),1,1,0,Minister (Full Rank),"Finance, Budget & Treasury",High,NA,NA,NA,NA,NA,NA,1,0,0,0
93194,2013,IRL,Ireland,912,Min. For Foreign Affairs & Trade,Eamon Gilmore,NA,Male,1955,A (2020),lab,Labour Party,Labour Party,1,1,0,Minister (Full Rank),Foreign Relations,High,Foreign Economic Relations,Medium,NA,NA,NA,NA,0,0,0,1
93195,2013,IRL,Ireland,913,Min. For Health,James Reilly,NA,Male,1955,A (2020),fg,Fine Gael (Familiy of the Irish),Fine Gael (Familiy of the Irish),1,1,0,Minister (Full Rank),Health & Social Welfare,Medium,NA,NA,NA,NA,NA,NA,0,0,0,0
93196,2013,IRL,Ireland,914,Min. For Justice & Equality,Alan Joseph Shatter,NA,Male,1951,A (2020),fg,Fine Gael (Familiy of the Irish),Fine Gael (Familiy of the Irish),1,1,0,Minister (Full Rank),Justice & Legal Affairs,Medium,NA,NA,NA,NA,NA,NA,0,0,0,0
93197,2013,IRL,Ireland,915,Min. For Public Expenditure & Reform,Brendan Howlin,NA,Male,1956,A (2020),lab,Labour Party,Labour Party,1,1,0,Minister (Full Rank),Political Reform,Medium,NA,NA,NA,NA,NA,NA,0,0,0,0
93198,2013,IRL,Ireland,916,Min. For Social Protection,Joan Burton,NA,Female,1949,A (2020),lab,Labour Party,Labour Party,1,1,0,Minister (Full Rank),Other,NA,NA,NA,NA,NA,NA,NA,0,0,0,0
93199,2013,IRL,Ireland,917,"Min. For Transport, Tourism & Sport",Leo Varadkar,NA,Male,1979,A (2020),fg,Fine Gael (Familiy of the Irish),Fine Gael (Familiy of the Irish),1,1,0,Minister (Full Rank),Transport,Medium,Sports,Low,Tourism,Low,NA,NA,0,0,0,0
93200,2013,IRL,Ireland,918,Attorney General,Maire Whelan,NA,Female,1956,A (2020),lab,Labour Party,Labour Party,1,0,0,"Attorney General, Chief Justice or Legal Official",NA,NA,NA,NA,NA,NA,NA,NA,0,0,0,0
93201,2013,IRL,Ireland,919,"Governor, Central Bank Of Ireland",Patrick Honohan,NA,Male,1949,A (2020),NA,NA,NA,0,0,0,Governor (Central Bank),NA,NA,NA,NA,NA,NA,NA,NA,0,0,0,0
93202,2013,IRL,Ireland,920,Ambassador To The Us,Michael Collins,NA,Male,1953,A (2020),NA,NA,NA,0,0,0,Ambassador to the United States,NA,NA,NA,NA,NA,NA,NA,NA,0,0,0,0
93203,2013,IRL,Ireland,921,"Permanent Representative To The Un, New York",Anne Colette Anderson,NA,Female,1952,A (2020),NA,NA,NA,0,0,0,Representative to the United Nations,NA,NA,NA,NA,NA,NA,NA,NA,0,0,0,0
93204,2014,IRL,Ireland,922,President,Michael Daniel Higgins,NA,Male,1941,A (2020),lab,Labour Party,Labour Party,1,0,0,President,NA,NA,NA,NA,NA,NA,NA,NA,0,0,0,0
93205,2014,IRL,Ireland,923,Taoiseach (Prime Min. ),Enda Kenny,NA,Male,1951,A (2020),fg,Fine Gael (Familiy of the Irish),Fine Gael (Familiy of the Irish),1,0,1,Prime Minister,NA,NA,NA,NA,NA,NA,NA,NA,0,0,0,0
93206,2014,IRL,Ireland,924,Dep. Prime Minister,Eamon Gilmore,NA,Male,1955,A (2020),lab,Labour Party,Labour Party,1,0,0,Deputy Prime Minister,NA,NA,NA,NA,NA,NA,NA,NA,0,0,0,0
93207,2014,IRL,Ireland,925,"Min. For Agriculture, Food & The Marine",Simon Coveney,NA,Male,1972,A (2020),fg,Fine Gael (Familiy of the Irish),Fine Gael (Familiy of the Irish),1,1,0,Minister (Full Rank),"Agriculture, Food, Fisheries & Livestock",Medium,Environment,Medium,NA,NA,NA,NA,0,0,1,0
93208,2014,IRL,Ireland,926,"Min. For Arts, Heritage & Gaeltacht Affairs",Jimmy Deenihan,NA,Male,1952,A (2020),fg,Fine Gael (Familiy of the Irish),Fine Gael (Familiy of the Irish),1,1,0,Minister (Full Rank),Culture & Heritage,Medium,NA,NA,NA,NA,NA,NA,0,0,0,0
93209,2014,IRL,Ireland,927,Min. For Children,Frances Fitzgerald,NA,Male,1950,A (2020),fg,Fine Gael (Familiy of the Irish),Fine Gael (Familiy of the Irish),1,1,0,Minister (Full Rank),Children & Family,Low,NA,NA,NA,NA,NA,NA,0,0,0,0
93210,2014,IRL,Ireland,928,"Min. For Communications, Energy & Natural Resources",Pat Rabbitte,NA,Male,1949,A (2020),lab,Labour Party,Labour Party,1,1,0,Minister (Full Rank),Communications & Information,Medium,Energy,Medium,Natural Resources,Medium,NA,NA,0,0,0,0
93211,2014,IRL,Ireland,929,Min. For Defense,Alan Joseph Shatter,NA,Male,1951,A (2020),fg,Fine Gael (Familiy of the Irish),Fine Gael (Familiy of the Irish),1,1,0,Minister (Full Rank),"Defense, Military & National Security",High,NA,NA,NA,NA,NA,NA,0,1,0,0
93212,2014,IRL,Ireland,930,Min. For Education & Skills,Ruairi Quinn,NA,Male,1946,A (2020),lab,Labour Party,Labour Party,1,1,0,Minister (Full Rank),"Education, Training & Skills",Medium,NA,NA,NA,NA,NA,NA,0,0,0,0
93213,2014,IRL,Ireland,931,"Min. For Enterprise, Jobs & Innovation",Richard Bruton,NA,Male,1953,A (2020),fg,Fine Gael (Familiy of the Irish),Fine Gael (Familiy of the Irish),1,1,0,Minister (Full Rank),"Enterprises, Companies & Business",Medium,"Science, Technology & Research",Low,NA,NA,NA,NA,0,0,0,0
93214,2014,IRL,Ireland,932,"Min. For Environment, Community & Local Govt.",Philip Hogan,NA,Male,1960,A (2020),fg,Fine Gael (Familiy of the Irish),Fine Gael (Familiy of the Irish),1,1,0,Minister (Full Rank),Environment,Medium,Local Government,Medium,NA,NA,NA,NA,0,0,0,0
93215,2014,IRL,Ireland,933,Min. For Finance,Michael Noonan,NA,Male,1943,A (2020),fg,Fine Gael (Familiy of the Irish),Fine Gael (Familiy of the Irish),1,1,0,Minister (Full Rank),"Finance, Budget & Treasury",High,NA,NA,NA,NA,NA,NA,1,0,0,0
93216,2014,IRL,Ireland,934,Min. For Foreign Affairs & Trade,Eamon Gilmore,NA,Male,1955,A (2020),lab,Labour Party,Labour Party,1,1,0,Minister (Full Rank),Foreign Relations,High,Foreign Economic Relations,Medium,NA,NA,NA,NA,0,0,0,1
93217,2014,IRL,Ireland,935,Min. For Health,James Reilly,NA,Male,1955,A (2020),fg,Fine Gael (Familiy of the Irish),Fine Gael (Familiy of the Irish),1,1,0,Minister (Full Rank),Health & Social Welfare,Medium,NA,NA,NA,NA,NA,NA,0,0,0,0
93218,2014,IRL,Ireland,936,Min. For Justice & Equality,Alan Joseph Shatter,NA,Male,1951,A (2020),fg,Fine Gael (Familiy of the Irish),Fine Gael (Familiy of the Irish),1,1,0,Minister (Full Rank),Justice & Legal Affairs,Medium,NA,NA,NA,NA,NA,NA,0,0,0,0
93219,2014,IRL,Ireland,937,Min. For Public Expenditure & Reform,Brendan Howlin,NA,Male,1956,A (2020),lab,Labour Party,Labour Party,1,1,0,Minister (Full Rank),Political Reform,Medium,NA,NA,NA,NA,NA,NA,0,0,0,0
93220,2014,IRL,Ireland,938,Min. For Social Protection,Joan Burton,NA,Female,1949,A (2020),lab,Labour Party,Labour Party,1,1,0,Minister (Full Rank),Other,NA,NA,NA,NA,NA,NA,NA,0,0,0,0
93221,2014,IRL,Ireland,939,"Min. For Transport, Tourism & Sport",Leo Varadkar,NA,Male,1979,A (2020),fg,Fine Gael (Familiy of the Irish),Fine Gael (Familiy of the Irish),1,1,0,Minister (Full Rank),Transport,Medium,Sports,Low,Tourism,Low,NA,NA,0,0,0,0
93222,2014,IRL,Ireland,940,Attorney General,Maire Whelan,NA,Female,1956,A (2020),lab,Labour Party,Labour Party,1,0,0,"Attorney General, Chief Justice or Legal Official",NA,NA,NA,NA,NA,NA,NA,NA,0,0,0,0
93223,2014,IRL,Ireland,941,"Governor, Central Bank Of Ireland",Patrick Honohan,NA,Male,1949,A (2020),NA,NA,NA,0,0,0,Governor (Central Bank),NA,NA,NA,NA,NA,NA,NA,NA,0,0,0,0
93224,2014,IRL,Ireland,942,Ambassador To The Us,Anne Colette Anderson,NA,Female,1952,A (2020),NA,NA,NA,0,0,0,Ambassador to the United States,NA,NA,NA,NA,NA,NA,NA,NA,0,0,0,0
93225,2014,IRL,Ireland,943,"Permanent Representative To The Un, New York",David Denis Donoghue,NA,Male,1928,A (2020),NA,NA,NA,0,0,0,Representative to the United Nations,NA,NA,NA,NA,NA,NA,NA,NA,0,0,0,0
93226,2015,IRL,Ireland,944,President,Michael Daniel Higgins,NA,Male,1941,A (2020),lab,Labour Party,Labour Party,1,0,0,President,NA,NA,NA,NA,NA,NA,NA,NA,0,0,0,0
93227,2015,IRL,Ireland,945,Taoiseach (Prime Min. ),Enda Kenny,NA,Male,1951,A (2020),fg,Fine Gael (Familiy of the Irish),Fine Gael (Familiy of the Irish),1,0,1,Prime Minister,NA,NA,NA,NA,NA,NA,NA,NA,0,0,0,0
93228,2015,IRL,Ireland,946,Tanaiste (Dep. Prime Min.),Joan Burton,NA,Female,1949,A (2020),lab,Labour Party,Labour Party,1,0,0,Deputy Prime Minister,NA,NA,NA,NA,NA,NA,NA,NA,0,0,0,0
93229,2015,IRL,Ireland,947,"Min. For Agriculture, Food & The Marine",Simon Coveney,NA,Male,1972,A (2020),fg,Fine Gael (Familiy of the Irish),Fine Gael (Familiy of the Irish),1,1,0,Minister (Full Rank),"Agriculture, Food, Fisheries & Livestock",Medium,Environment,Medium,NA,NA,NA,NA,0,0,1,0
93230,2015,IRL,Ireland,948,"Min. For Arts, Heritage & Gaeltacht Affairs",Heather Humphreys,NA,Female,1963,A (2020),fg,Fine Gael (Familiy of the Irish),Fine Gael (Familiy of the Irish),1,1,0,Minister (Full Rank),Culture & Heritage,Medium,NA,NA,NA,NA,NA,NA,0,0,0,0
93231,2015,IRL,Ireland,949,Min. For Children & Youth Affairs,James Reilly,NA,Male,1955,A (2020),fg,Fine Gael (Familiy of the Irish),Fine Gael (Familiy of the Irish),1,1,0,Minister (Full Rank),Children & Family,Low,Youth,Low,NA,NA,NA,NA,0,0,0,0
93232,2015,IRL,Ireland,950,"Min. For Communications, Energy & Natural Resources",Alex White,NA,Male,1958,A (2020),lab,Labour Party,Labour Party,1,1,0,Minister (Full Rank),Communications & Information,Medium,Energy,Medium,Natural Resources,Medium,NA,NA,0,0,0,0
93233,2015,IRL,Ireland,951,Min. For Defense,Simon Coveney,NA,Male,1972,A (2020),fg,Fine Gael (Familiy of the Irish),Fine Gael (Familiy of the Irish),1,1,0,Minister (Full Rank),"Defense, Military & National Security",High,NA,NA,NA,NA,NA,NA,0,1,0,0
93234,2015,IRL,Ireland,952,Min. For Education & Skills,Jan O'Sullivan,NA,Female,1950,A (2020),lab,Labour Party,Labour Party,1,1,0,Minister (Full Rank),"Education, Training & Skills",Medium,NA,NA,NA,NA,NA,NA,0,0,0,0
93235,2015,IRL,Ireland,953,"Min. For Enterprise, Jobs & Innovation",Richard Bruton,NA,Male,1953,A (2020),fg,Fine Gael (Familiy of the Irish),Fine Gael (Familiy of the Irish),1,1,0,Minister (Full Rank),"Enterprises, Companies & Business",Medium,"Science, Technology & Research",Low,NA,NA,NA,NA,0,0,0,0
93236,2015,IRL,Ireland,954,"Min. For Environment, Community & Local Govt.",Alan Kelly,NA,Male,1975,A (2020),lab,Labour Party,Labour Party,1,1,0,Minister (Full Rank),Environment,Medium,Local Government,Medium,NA,NA,NA,NA,0,0,0,0
93237,2015,IRL,Ireland,955,Min. For Finance,Michael Noonan,NA,Male,1943,A (2020),fg,Fine Gael (Familiy of the Irish),Fine Gael (Familiy of the Irish),1,1,0,Minister (Full Rank),"Finance, Budget & Treasury",High,NA,NA,NA,NA,NA,NA,1,0,0,0
93238,2015,IRL,Ireland,956,Min. For Foreign Affairs & Trade,Charles Flanagan,NA,Male,1956,A (2020),fg,Fine Gael (Familiy of the Irish),Fine Gael (Familiy of the Irish),1,1,0,Minister (Full Rank),Foreign Relations,High,Foreign Economic Relations,Medium,NA,NA,NA,NA,0,0,0,1
93239,2015,IRL,Ireland,957,Min. For Health,Leo Varadkar,NA,Male,1979,A (2020),fg,Fine Gael (Familiy of the Irish),Fine Gael (Familiy of the Irish),1,1,0,Minister (Full Rank),Health & Social Welfare,Medium,NA,NA,NA,NA,NA,NA,0,0,0,0
93240,2015,IRL,Ireland,958,Min. For Justice & Equality,Frances Fitzgerald,NA,Male,1950,A (2020),fg,Fine Gael (Familiy of the Irish),Fine Gael (Familiy of the Irish),1,1,0,Minister (Full Rank),Justice & Legal Affairs,Medium,NA,NA,NA,NA,NA,NA,0,0,0,0
93241,2015,IRL,Ireland,959,Min. For Public Expenditure & Reform,Brendan Howlin,NA,Male,1956,A (2020),lab,Labour Party,Labour Party,1,1,0,Minister (Full Rank),Political Reform,Medium,NA,NA,NA,NA,NA,NA,0,0,0,0
93242,2015,IRL,Ireland,960,Min. For Social Protection,Joan Burton,NA,Female,1949,A (2020),lab,Labour Party,Labour Party,1,1,0,Minister (Full Rank),Other,NA,NA,NA,NA,NA,NA,NA,0,0,0,0
93243,2015,IRL,Ireland,961,"Min. For Transport, Tourism & Sport",Paschal Donohoe,NA,Male,1974,A (2020),fg,Fine Gael (Familiy of the Irish),Fine Gael (Familiy of the Irish),1,1,0,Minister (Full Rank),Transport,Medium,Sports,Low,Tourism,Low,NA,NA,0,0,0,0
93244,2015,IRL,Ireland,962,Attorney General,Maire Whelan,NA,Female,1956,A (2020),lab,Labour Party,Labour Party,1,0,0,"Attorney General, Chief Justice or Legal Official",NA,NA,NA,NA,NA,NA,NA,NA,0,0,0,0
93245,2015,IRL,Ireland,963,"Governor, Central Bank Of Ireland",Patrick Honohan,NA,Male,1949,A (2020),NA,NA,NA,0,0,0,Governor (Central Bank),NA,NA,NA,NA,NA,NA,NA,NA,0,0,0,0
93246,2015,IRL,Ireland,964,Ambassador To The Us,Anne Colette Anderson,NA,Female,1952,A (2020),NA,NA,NA,0,0,0,Ambassador to the United States,NA,NA,NA,NA,NA,NA,NA,NA,0,0,0,0
93247,2015,IRL,Ireland,965,"Permanent Representative To The Un, New York",David Denis Donoghue,NA,Male,1928,A (2020),NA,NA,NA,0,0,0,Representative to the United Nations,NA,NA,NA,NA,NA,NA,NA,NA,0,0,0,0
93248,2016,IRL,Ireland,966,President,Michael Daniel Higgins,NA,Male,1941,A (2020),lab,Labour Party,Labour Party,1,0,0,President,NA,NA,NA,NA,NA,NA,NA,NA,0,0,0,0
93249,2016,IRL,Ireland,967,Taoiseach (Prime Min. ),Enda Kenny,NA,Male,1951,A (2020),fg,Fine Gael (Familiy of the Irish),Fine Gael (Familiy of the Irish),1,0,1,Prime Minister,NA,NA,NA,NA,NA,NA,NA,NA,0,0,0,0
93250,2016,IRL,Ireland,968,Tanaiste (Dep. Prime Min.),Frances Fitzgerald,NA,Male,1950,A (2020),fg,Fine Gael (Familiy of the Irish),Fine Gael (Familiy of the Irish),1,0,0,Deputy Prime Minister,NA,NA,NA,NA,NA,NA,NA,NA,0,0,0,0
93251,2016,IRL,Ireland,969,"Min. For Agriculture, Food & The Marine",Michael Creed,NA,Male,1963,A (2020),fg,Fine Gael (Familiy of the Irish),Fine Gael (Familiy of the Irish),1,1,0,Minister (Full Rank),"Agriculture, Food, Fisheries & Livestock",Medium,Environment,Medium,NA,NA,NA,NA,0,0,1,0
93252,2016,IRL,Ireland,970,Min. For Children & Youth Affairs,Katherine Zappone,NA,Female,1953,A (2020),independent,independent,independent,1,1,0,Minister (Full Rank),Children & Family,Low,Youth,Low,NA,NA,NA,NA,0,0,0,0
93253,2016,IRL,Ireland,971,"Min. For Communications, Climate Change & Natural Resources",Denis Naughten,NA,Male,1973,A (2020),independent,independent,independent,1,1,0,Minister (Full Rank),Communications & Information,Medium,Environment,Medium,Natural Resources,Medium,NA,NA,0,0,0,0
93254,2016,IRL,Ireland,972,Min. For Defense,Enda Kenny,NA,Male,1951,A (2020),fg,Fine Gael (Familiy of the Irish),Fine Gael (Familiy of the Irish),1,1,0,Minister (Full Rank),"Defense, Military & National Security",High,NA,NA,NA,NA,NA,NA,0,1,0,0
93255,2016,IRL,Ireland,973,Min. For Education & Skills,Richard Bruton,NA,Male,1953,A (2020),fg,Fine Gael (Familiy of the Irish),Fine Gael (Familiy of the Irish),1,1,0,Minister (Full Rank),"Education, Training & Skills",Medium,NA,NA,NA,NA,NA,NA,0,0,0,0
93256,2016,IRL,Ireland,974,Min. For Finance,Michael Noonan,NA,Male,1943,A (2020),fg,Fine Gael (Familiy of the Irish),Fine Gael (Familiy of the Irish),1,1,0,Minister (Full Rank),"Finance, Budget & Treasury",High,NA,NA,NA,NA,NA,NA,1,0,0,0
93257,2016,IRL,Ireland,975,Min. For Foreign Affairs & Trade,Charles Flanagan,NA,Male,1956,A (2020),fg,Fine Gael (Familiy of the Irish),Fine Gael (Familiy of the Irish),1,1,0,Minister (Full Rank),Foreign Relations,High,Foreign Economic Relations,Medium,NA,NA,NA,NA,0,0,0,1
93258,2016,IRL,Ireland,976,Min. For Health,Simon Harris,NA,Male,1986,A (2020),fg,Fine Gael (Familiy of the Irish),Fine Gael (Familiy of the Irish),1,1,0,Minister (Full Rank),Health & Social Welfare,Medium,NA,NA,NA,NA,NA,NA,0,0,0,0
93259,2016,IRL,Ireland,977,"Min. For Housing, Planning & Local Govt.",Simon Coveney,NA,Male,1972,A (2020),fg,Fine Gael (Familiy of the Irish),Fine Gael (Familiy of the Irish),1,1,0,Minister (Full Rank),Housing,Medium,Local Government,Medium,Planning & Development,Medium,NA,NA,0,0,0,0
93260,2016,IRL,Ireland,978,"Min. For Jobs, Enterprise & Innovation",Mary Mitchell O'Connor,NA,Female,1959,A (2020),fg,Fine Gael (Familiy of the Irish),Fine Gael (Familiy of the Irish),1,1,0,Minister (Full Rank),"Enterprises, Companies & Business",Medium,"Science, Technology & Research",Low,NA,NA,NA,NA,0,0,0,0
93261,2016,IRL,Ireland,979,Min. For Justice & Equality,Frances Fitzgerald,NA,Male,1950,A (2020),fg,Fine Gael (Familiy of the Irish),Fine Gael (Familiy of the Irish),1,1,0,Minister (Full Rank),Justice & Legal Affairs,Medium,NA,NA,NA,NA,NA,NA,0,0,0,0
93262,2016,IRL,Ireland,980,Min. For Public Expenditure & Reform,Paschal Donohoe,NA,Male,1974,A (2020),fg,Fine Gael (Familiy of the Irish),Fine Gael (Familiy of the Irish),1,1,0,Minister (Full Rank),Political Reform,Medium,NA,NA,NA,NA,NA,NA,0,0,0,0
93263,2016,IRL,Ireland,981,"Min. For Regional Development, Rural Affairs, Arts & The Gaeltacht",Heather Humphreys,NA,Female,1963,A (2020),fg,Fine Gael (Familiy of the Irish),Fine Gael (Familiy of the Irish),1,1,0,Minister (Full Rank),Planning & Development,Medium,Culture & Heritage,Medium,NA,NA,NA,NA,0,0,0,0
93264,2016,IRL,Ireland,982,Min. For Social Protection,Leo Varadkar,NA,Male,1979,A (2020),fg,Fine Gael (Familiy of the Irish),Fine Gael (Familiy of the Irish),1,1,0,Minister (Full Rank),Other,NA,NA,NA,NA,NA,NA,NA,0,0,0,0
93265,2016,IRL,Ireland,983,"Min. For Transport, Tourism & Sport",Shane Ross,NA,Male,1949,A (2020),independent,independent,independent,1,1,0,Minister (Full Rank),Transport,Medium,Sports,Low,Tourism,Low,NA,NA,0,0,0,0
93266,2016,IRL,Ireland,984,Attorney General,Maire Whelan,NA,Female,1956,A (2020),lab,Labour Party,Labour Party,1,0,0,"Attorney General, Chief Justice or Legal Official",NA,NA,NA,NA,NA,NA,NA,NA,0,0,0,0
93267,2016,IRL,Ireland,985,"Governor, Central Bank Of Ireland",Patrick Honohan,NA,Male,1949,A (2020),NA,NA,NA,0,0,0,Governor (Central Bank),NA,NA,NA,NA,NA,NA,NA,NA,0,0,0,0
93268,2016,IRL,Ireland,986,Ambassador To The Us,Anne Colette Anderson,NA,Female,1952,A (2020),NA,NA,NA,0,0,0,Ambassador to the United States,NA,NA,NA,NA,NA,NA,NA,NA,0,0,0,0
93269,2016,IRL,Ireland,987,"Permanent Representative To The Un, New York",David Denis Donoghue,NA,Male,1928,A (2020),NA,NA,NA,0,0,0,Representative to the United Nations,NA,NA,NA,NA,NA,NA,NA,NA,0,0,0,0
93270,2017,IRL,Ireland,988,President,Michael Daniel Higgins,NA,Male,1941,A (2020),lab,Labour Party,Labour Party,1,0,0,President,NA,NA,NA,NA,NA,NA,NA,NA,0,0,0,0
93271,2017,IRL,Ireland,989,Taoiseach (Prime Min. ),Leo Varadkar,NA,Male,1979,A (2020),fg,Fine Gael (Familiy of the Irish),Fine Gael (Familiy of the Irish),1,0,1,Prime Minister,NA,NA,NA,NA,NA,NA,NA,NA,0,0,0,0
93272,2017,IRL,Ireland,990,Tanaiste (Dep. Prime Min.),Frances Fitzgerald,NA,Male,1950,A (2020),fg,Fine Gael (Familiy of the Irish),Fine Gael (Familiy of the Irish),1,0,0,Deputy Prime Minister,NA,NA,NA,NA,NA,NA,NA,NA,0,0,0,0
93273,2017,IRL,Ireland,991,"Min. For Agriculture, Food & The Marine",Michael Creed,NA,Male,1963,A (2020),fg,Fine Gael (Familiy of the Irish),Fine Gael (Familiy of the Irish),1,1,0,Minister (Full Rank),"Agriculture, Food, Fisheries & Livestock",Medium,Environment,Medium,NA,NA,NA,NA,0,0,1,0
93274,2017,IRL,Ireland,992,"Min. For Arts, Heritage & The Gaeltacht",Heather Humphreys,NA,Female,1963,A (2020),fg,Fine Gael (Familiy of the Irish),Fine Gael (Familiy of the Irish),1,1,0,Minister (Full Rank),Culture & Heritage,Medium,NA,NA,NA,NA,NA,NA,0,0,0,0
93275,2017,IRL,Ireland,993,Min. For Children & Youth Affairs,Katherine Zappone,NA,Female,1953,A (2020),independent,independent,independent,1,1,0,Minister (Full Rank),Children & Family,Low,Youth,Low,NA,NA,NA,NA,0,0,0,0
93276,2017,IRL,Ireland,994,"Min. For Communications, Climate Action & Environment",Denis Naughten,NA,Male,1973,A (2020),independent,independent,independent,1,1,0,Minister (Full Rank),Communications & Information,Medium,Environment,Medium,NA,NA,NA,NA,0,0,0,0
93277,2017,IRL,Ireland,995,Min. For Community & Rural Affairs,Michael Ring,NA,Male,1953,A (2020),fg,Fine Gael (Familiy of the Irish),Fine Gael (Familiy of the Irish),1,1,0,Minister (Full Rank),Other,NA,NA,NA,NA,NA,NA,NA,0,0,0,0
93278,2017,IRL,Ireland,996,Min. For Defense,Leo Varadkar,NA,Male,1979,A (2020),fg,Fine Gael (Familiy of the Irish),Fine Gael (Familiy of the Irish),1,1,0,Minister (Full Rank),"Defense, Military & National Security",High,NA,NA,NA,NA,NA,NA,0,1,0,0
93279,2017,IRL,Ireland,997,Min. For Education & Skills,Richard Bruton,NA,Male,1953,A (2020),fg,Fine Gael (Familiy of the Irish),Fine Gael (Familiy of the Irish),1,1,0,Minister (Full Rank),"Education, Training & Skills",Medium,NA,NA,NA,NA,NA,NA,0,0,0,0
93280,2017,IRL,Ireland,998,Min. For Employment & Social Protection,Regina Doherty,NA,Female,1971,A (2020),fg,Fine Gael (Familiy of the Irish),Fine Gael (Familiy of the Irish),1,1,0,Minister (Full Rank),"Labor, Employment & Social Security",Medium,NA,NA,NA,NA,NA,NA,0,0,0,0
93281,2017,IRL,Ireland,999,Min. For Enterprise & Innovation,Frances Fitzgerald,NA,Male,1950,A (2020),fg,Fine Gael (Familiy of the Irish),Fine Gael (Familiy of the Irish),1,1,0,Minister (Full Rank),"Enterprises, Companies & Business",Medium,"Science, Technology & Research",Low,NA,NA,NA,NA,0,0,0,0
93282,2017,IRL,Ireland,1000,Min. For Finance,Paschal Donohoe,NA,Male,1974,A (2020),fg,Fine Gael (Familiy of the Irish),Fine Gael (Familiy of the Irish),1,1,0,Minister (Full Rank),"Finance, Budget & Treasury",High,NA,NA,NA,NA,NA,NA,1,0,0,0
93283,2017,IRL,Ireland,1001,Min. For Foreign Affairs & Trade,Simon Coveney,NA,Male,1972,A (2020),fg,Fine Gael (Familiy of the Irish),Fine Gael (Familiy of the Irish),1,1,0,Minister (Full Rank),Foreign Relations,High,Foreign Economic Relations,Medium,NA,NA,NA,NA,0,0,0,1
93284,2017,IRL,Ireland,1002,Min. For Health,Simon Harris,NA,Male,1986,A (2020),fg,Fine Gael (Familiy of the Irish),Fine Gael (Familiy of the Irish),1,1,0,Minister (Full Rank),Health & Social Welfare,Medium,NA,NA,NA,NA,NA,NA,0,0,0,0
93285,2017,IRL,Ireland,1003,"Min. For Housing, Planning & Local Govt.",Eoghan Murphy,NA,Male,1982,A (2020),fg,Fine Gael (Familiy of the Irish),Fine Gael (Familiy of the Irish),1,1,0,Minister (Full Rank),Housing,Medium,Local Government,Medium,Planning & Development,Medium,NA,NA,0,0,0,0
93286,2017,IRL,Ireland,1004,Min. For Justice & Equality,Charles Flanagan,NA,Male,1956,A (2020),fg,Fine Gael (Familiy of the Irish),Fine Gael (Familiy of the Irish),1,1,0,Minister (Full Rank),Justice & Legal Affairs,Medium,NA,NA,NA,NA,NA,NA,0,0,0,0
93287,2017,IRL,Ireland,1005,Min. For Public Expenditure & Reform,Paschal Donohoe,NA,Male,1974,A (2020),fg,Fine Gael (Familiy of the Irish),Fine Gael (Familiy of the Irish),1,1,0,Minister (Full Rank),Political Reform,Medium,NA,NA,NA,NA,NA,NA,0,0,0,0
93288,2017,IRL,Ireland,1006,"Min. For Transport, Tourism & Sport",Shane Ross,NA,Male,1949,A (2020),independent,independent,independent,1,1,0,Minister (Full Rank),Transport,Medium,Sports,Low,Tourism,Low,NA,NA,0,0,0,0
93289,2017,IRL,Ireland,1007,Attorney General,Seamus Woulfe,NA,Male,1962,A (2020),fg,Fine Gael (Familiy of the Irish),Fine Gael (Familiy of the Irish),1,0,0,"Attorney General, Chief Justice or Legal Official",NA,NA,NA,NA,NA,NA,NA,NA,0,0,0,0
93290,2017,IRL,Ireland,1008,"Governor, Central Bank Of Ireland",Patrick Honohan,NA,Male,1949,A (2020),NA,NA,NA,0,0,0,Governor (Central Bank),NA,NA,NA,NA,NA,NA,NA,NA,0,0,0,0
93291,2017,IRL,Ireland,1009,Ambassador To The Us,Anne Colette Anderson,NA,Female,1952,A (2020),NA,NA,NA,0,0,0,Ambassador to the United States,NA,NA,NA,NA,NA,NA,NA,NA,0,0,0,0
93292,2017,IRL,Ireland,1010,"Permanent Representative To The Un, New York",David Denis Donoghue,NA,Male,1928,A (2020),NA,NA,NA,0,0,0,Representative to the United Nations,NA,NA,NA,NA,NA,NA,NA,NA,0,0,0,0
93293,2018,IRL,Ireland,1011,President,Michael Daniel Higgins,NA,Male,1941,A (2020),lab,Labour Party,Labour Party,1,0,0,President,NA,NA,NA,NA,NA,NA,NA,NA,0,0,0,0
93294,2018,IRL,Ireland,1012,Taoiseach (Prime Min. ),Leo Varadkar,NA,Male,1979,A (2020),fg,Fine Gael (Familiy of the Irish),Fine Gael (Familiy of the Irish),1,0,1,Prime Minister,NA,NA,NA,NA,NA,NA,NA,NA,0,0,0,0
93295,2018,IRL,Ireland,1013,Tanaiste (Dep. Prime Min.),Simon Coveney,NA,Male,1972,A (2020),fg,Fine Gael (Familiy of the Irish),Fine Gael (Familiy of the Irish),1,0,0,Deputy Prime Minister,NA,NA,NA,NA,NA,NA,NA,NA,0,0,0,0
93296,2018,IRL,Ireland,1014,"Min. For Agriculture, Food & The Marine",Michael Creed,NA,Male,1963,A (2020),fg,Fine Gael (Familiy of the Irish),Fine Gael (Familiy of the Irish),1,1,0,Minister (Full Rank),"Agriculture, Food, Fisheries & Livestock",Medium,Environment,Medium,NA,NA,NA,NA,0,0,1,0
93297,2018,IRL,Ireland,1015,Min. For Children & Youth Affairs,Katherine Zappone,NA,Female,1953,A (2020),independent,independent,independent,1,1,0,Minister (Full Rank),Children & Family,Low,Youth,Low,NA,NA,NA,NA,0,0,0,0
93298,2018,IRL,Ireland,1016,"Min. For Communications, Climate Action & Environment",Denis Naughten,NA,Male,1973,A (2020),independent,independent,independent,1,1,0,Minister (Full Rank),Communications & Information,Medium,Environment,Medium,NA,NA,NA,NA,0,0,0,0
93299,2018,IRL,Ireland,1017,Min. For Community & Rural Affairs,Michael Ring,NA,Male,1953,A (2020),fg,Fine Gael (Familiy of the Irish),Fine Gael (Familiy of the Irish),1,1,0,Minister (Full Rank),Other,NA,NA,NA,NA,NA,NA,NA,0,0,0,0
93300,2018,IRL,Ireland,1018,"Min. For Culture, Heritage & The Gaeltacht",Josepha Madigan,NA,Female,1969,A (2020),fg,Fine Gael (Familiy of the Irish),Fine Gael (Familiy of the Irish),1,1,0,Minister (Full Rank),Culture & Heritage,Medium,NA,NA,NA,NA,NA,NA,0,0,0,0
93301,2018,IRL,Ireland,1019,Min. For Defense,Leo Varadkar,NA,Male,1979,A (2020),fg,Fine Gael (Familiy of the Irish),Fine Gael (Familiy of the Irish),1,1,0,Minister (Full Rank),"Defense, Military & National Security",High,NA,NA,NA,NA,NA,NA,0,1,0,0
93302,2018,IRL,Ireland,1020,Min. For Education & Skills,Richard Bruton,NA,Male,1953,A (2020),fg,Fine Gael (Familiy of the Irish),Fine Gael (Familiy of the Irish),1,1,0,Minister (Full Rank),"Education, Training & Skills",Medium,NA,NA,NA,NA,NA,NA,0,0,0,0
93303,2018,IRL,Ireland,1021,Min. For Employment & Social Protection,Regina Doherty,NA,Female,1971,A (2020),fg,Fine Gael (Familiy of the Irish),Fine Gael (Familiy of the Irish),1,1,0,Minister (Full Rank),"Labor, Employment & Social Security",Medium,NA,NA,NA,NA,NA,NA,0,0,0,0
93304,2018,IRL,Ireland,1022,Min. For Enterprise & Innovation,Heather Humphreys,NA,Female,1963,A (2020),fg,Fine Gael (Familiy of the Irish),Fine Gael (Familiy of the Irish),1,1,0,Minister (Full Rank),"Enterprises, Companies & Business",Medium,"Science, Technology & Research",Low,NA,NA,NA,NA,0,0,0,0
93305,2018,IRL,Ireland,1023,Min. For Finance,Paschal Donohoe,NA,Male,1974,A (2020),fg,Fine Gael (Familiy of the Irish),Fine Gael (Familiy of the Irish),1,1,0,Minister (Full Rank),"Finance, Budget & Treasury",High,NA,NA,NA,NA,NA,NA,1,0,0,0
93306,2018,IRL,Ireland,1024,Min. For Foreign Affairs & Trade,Simon Coveney,NA,Male,1972,A (2020),fg,Fine Gael (Familiy of the Irish),Fine Gael (Familiy of the Irish),1,1,0,Minister (Full Rank),Foreign Relations,High,Foreign Economic Relations,Medium,NA,NA,NA,NA,0,0,0,1
93307,2018,IRL,Ireland,1025,Min. For Health,Simon Harris,NA,Male,1986,A (2020),fg,Fine Gael (Familiy of the Irish),Fine Gael (Familiy of the Irish),1,1,0,Minister (Full Rank),Health & Social Welfare,Medium,NA,NA,NA,NA,NA,NA,0,0,0,0
93308,2018,IRL,Ireland,1026,"Min. For Housing, Planning & Local Govt.",Eoghan Murphy,NA,Male,1982,A (2020),fg,Fine Gael (Familiy of the Irish),Fine Gael (Familiy of the Irish),1,1,0,Minister (Full Rank),Housing,Medium,Local Government,Medium,Planning & Development,Medium,NA,NA,0,0,0,0
93309,2018,IRL,Ireland,1027,Min. For Justice & Equality,Charles Flanagan,NA,Male,1956,A (2020),fg,Fine Gael (Familiy of the Irish),Fine Gael (Familiy of the Irish),1,1,0,Minister (Full Rank),Justice & Legal Affairs,Medium,NA,NA,NA,NA,NA,NA,0,0,0,0
93310,2018,IRL,Ireland,1028,Min. For Public Expenditure & Reform,Paschal Donohoe,NA,Male,1974,A (2020),fg,Fine Gael (Familiy of the Irish),Fine Gael (Familiy of the Irish),1,1,0,Minister (Full Rank),Political Reform,Medium,NA,NA,NA,NA,NA,NA,0,0,0,0
93311,2018,IRL,Ireland,1029,"Min. For Transport, Tourism & Sport",Shane Ross,NA,Male,1949,A (2020),independent,independent,independent,1,1,0,Minister (Full Rank),Transport,Medium,Sports,Low,Tourism,Low,NA,NA,0,0,0,0
93312,2018,IRL,Ireland,1030,Attorney General,Seamus Woulfe,NA,Male,1962,A (2020),fg,Fine Gael (Familiy of the Irish),Fine Gael (Familiy of the Irish),1,0,0,"Attorney General, Chief Justice or Legal Official",NA,NA,NA,NA,NA,NA,NA,NA,0,0,0,0
93313,2018,IRL,Ireland,1031,"Governor, Central Bank Of Ireland",Philip Lane,NA,Male,1969,A (2020),NA,NA,NA,0,0,0,Governor (Central Bank),NA,NA,NA,NA,NA,NA,NA,NA,0,0,0,0
93314,2018,IRL,Ireland,1032,Ambassador To The Us,Daniel Mulhall,NA,Male,1955,A (2020),NA,NA,NA,0,0,0,Ambassador to the United States,NA,NA,NA,NA,NA,NA,NA,NA,0,0,0,0
93315,2018,IRL,Ireland,1033,"Permanent Representative To The Un, New York",Geraldine Byrne Nason,NA,Female,1959,A (2020),NA,NA,NA,0,0,0,Representative to the United Nations,NA,NA,NA,NA,NA,NA,NA,NA,0,0,0,0
